Record Length,2.500000e+03,,   0.000353500000,   0.00048,
Sample Interval,1.000000e-08,,   0.000353510000,   0.00032,
Trigger Point,-3.535000000000e+04,,   0.000353520000,  -0.00016,
,,,   0.000353530000,   0.00016,
,,,   0.000353540000,   0.00016,
,,,   0.000353550000,   0.00096,
Source,CH1,,   0.000353560000,   0.00112,
Vertical Units,V,,   0.000353570000,   0.00088,
Vertical Scale,2.000000e-03,,   0.000353580000,   0.00064,
Vertical Offset,-2.160000e-03,,   0.000353590000,   0.00072,
Horizontal Units,s,,   0.000353600000,   0.00096,
Horizontal Scale,2.500000e-06,,   0.000353610000,   0.00048,
Pt Fmt,Y,,   0.000353620000,   0.00040,
Yzero,0.000000e+00,,   0.000353630000,   0.00048,
Probe Atten,1.000000e+00,,   0.000353640000,   0.00072,
Model Number,TDS1002B,,   0.000353650000,   0.00096,
Serial Number,C052304,,   0.000353660000,   0.00136,
Firmware Version,FV:v22.01,,   0.000353670000,   0.00104,
,,,0.000353680000,   0.00152,
,,,0.000353690000,   0.00112,
,,,0.000353700000,   0.00096,
,,,0.000353710000,   0.00112,
,,,0.000353720000,   0.00096,
,,,0.000353730000,   0.00112,
,,,0.000353740000,   0.00152,
,,,0.000353750000,   0.00128,
,,,0.000353760000,   0.00072,
,,,0.000353770000,   0.00088,
,,,0.000353780000,   0.00096,
,,,0.000353790000,   0.00088,
,,,0.000353800000,   0.00120,
,,,0.000353810000,   0.00080,
,,,0.000353820000,   0.00136,
,,,0.000353830000,   0.00144,
,,,0.000353840000,   0.00160,
,,,0.000353850000,   0.00176,
,,,0.000353860000,   0.00152,
,,,0.000353870000,   0.00152,
,,,0.000353880000,   0.00112,
,,,0.000353890000,   0.00120,
,,,0.000353900000,   0.00144,
,,,0.000353910000,   0.00152,
,,,0.000353920000,   0.00224,
,,,0.000353930000,   0.00208,
,,,0.000353940000,   0.00176,
,,,0.000353950000,   0.00152,
,,,0.000353960000,   0.00120,
,,,0.000353970000,   0.00112,
,,,0.000353980000,   0.00104,
,,,0.000353990000,   0.00072,
,,,0.000354000000,   0.00112,
,,,0.000354010000,   0.00144,
,,,0.000354020000,   0.00152,
,,,0.000354030000,   0.00160,
,,,0.000354040000,   0.00184,
,,,0.000354050000,   0.00176,
,,,0.000354060000,   0.00136,
,,,0.000354070000,   0.00144,
,,,0.000354080000,   0.00144,
,,,0.000354090000,   0.00144,
,,,0.000354100000,   0.00184,
,,,0.000354110000,   0.00152,
,,,0.000354120000,   0.00160,
,,,0.000354130000,   0.00160,
,,,0.000354140000,   0.00184,
,,,0.000354150000,   0.00184,
,,,0.000354160000,   0.00192,
,,,0.000354170000,   0.00176,
,,,0.000354180000,   0.00176,
,,,0.000354190000,   0.00176,
,,,0.000354200000,   0.00160,
,,,0.000354210000,   0.00176,
,,,0.000354220000,   0.00144,
,,,0.000354230000,   0.00144,
,,,0.000354240000,   0.00160,
,,,0.000354250000,   0.00160,
,,,0.000354260000,   0.00200,
,,,0.000354270000,   0.00176,
,,,0.000354280000,   0.00184,
,,,0.000354290000,   0.00200,
,,,0.000354300000,   0.00216,
,,,0.000354310000,   0.00160,
,,,0.000354320000,   0.00144,
,,,0.000354330000,   0.00128,
,,,0.000354340000,   0.00112,
,,,0.000354350000,   0.00152,
,,,0.000354360000,   0.00184,
,,,0.000354370000,   0.00248,
,,,0.000354380000,   0.00224,
,,,0.000354390000,   0.00208,
,,,0.000354400000,   0.00184,
,,,0.000354410000,   0.00152,
,,,0.000354420000,   0.00112,
,,,0.000354430000,   0.00112,
,,,0.000354440000,   0.00192,
,,,0.000354450000,   0.00200,
,,,0.000354460000,   0.00240,
,,,0.000354470000,   0.00192,
,,,0.000354480000,   0.00192,
,,,0.000354490000,   0.00128,
,,,0.000354500000,   0.00112,
,,,0.000354510000,   0.00144,
,,,0.000354520000,   0.00160,
,,,0.000354530000,   0.00152,
,,,0.000354540000,   0.00168,
,,,0.000354550000,   0.00184,
,,,0.000354560000,   0.00152,
,,,0.000354570000,   0.00128,
,,,0.000354580000,   0.00144,
,,,0.000354590000,   0.00104,
,,,0.000354600000,   0.00088,
,,,0.000354610000,   0.00144,
,,,0.000354620000,   0.00144,
,,,0.000354630000,   0.00176,
,,,0.000354640000,   0.00184,
,,,0.000354650000,   0.00168,
,,,0.000354660000,   0.00160,
,,,0.000354670000,   0.00160,
,,,0.000354680000,   0.00144,
,,,0.000354690000,   0.00152,
,,,0.000354700000,   0.00144,
,,,0.000354710000,   0.00120,
,,,0.000354720000,   0.00128,
,,,0.000354730000,   0.00128,
,,,0.000354740000,   0.00168,
,,,0.000354750000,   0.00128,
,,,0.000354760000,   0.00088,
,,,0.000354770000,   0.00152,
,,,0.000354780000,   0.00160,
,,,0.000354790000,   0.00168,
,,,0.000354800000,   0.00120,
,,,0.000354810000,   0.00144,
,,,0.000354820000,   0.00160,
,,,0.000354830000,   0.00104,
,,,0.000354840000,   0.00128,
,,,0.000354850000,   0.00128,
,,,0.000354860000,   0.00136,
,,,0.000354870000,   0.00128,
,,,0.000354880000,   0.00136,
,,,0.000354890000,   0.00176,
,,,0.000354900000,   0.00168,
,,,0.000354910000,   0.00136,
,,,0.000354920000,   0.00112,
,,,0.000354930000,   0.00088,
,,,0.000354940000,   0.00128,
,,,0.000354950000,   0.00120,
,,,0.000354960000,   0.00080,
,,,0.000354970000,   0.00040,
,,,0.000354980000,   0.00088,
,,,0.000354990000,   0.00144,
,,,0.000355000000,   0.00144,
,,,0.000355010000,   0.00096,
,,,0.000355020000,   0.00096,
,,,0.000355030000,   0.00064,
,,,0.000355040000,   0.00072,
,,,0.000355050000,   0.00072,
,,,0.000355060000,   0.00072,
,,,0.000355070000,   0.00072,
,,,0.000355080000,   0.00080,
,,,0.000355090000,   0.00104,
,,,0.000355100000,   0.00104,
,,,0.000355110000,   0.00080,
,,,0.000355120000,   0.00072,
,,,0.000355130000,   0.00088,
,,,0.000355140000,   0.00072,
,,,0.000355150000,   0.00104,
,,,0.000355160000,   0.00080,
,,,0.000355170000,   0.00088,
,,,0.000355180000,   0.00120,
,,,0.000355190000,   0.00120,
,,,0.000355200000,   0.00136,
,,,0.000355210000,   0.00144,
,,,0.000355220000,   0.00088,
,,,0.000355230000,   0.00096,
,,,0.000355240000,   0.00040,
,,,0.000355250000,   0.00064,
,,,0.000355260000,   0.00048,
,,,0.000355270000,   0.00056,
,,,0.000355280000,   0.00064,
,,,0.000355290000,   0.00064,
,,,0.000355300000,   0.00096,
,,,0.000355310000,   0.00112,
,,,0.000355320000,   0.00096,
,,,0.000355330000,   0.00136,
,,,0.000355340000,   0.00088,
,,,0.000355350000,   0.00072,
,,,0.000355360000,   0.00072,
,,,0.000355370000,   0.00040,
,,,0.000355380000,   0.00064,
,,,0.000355390000,   0.00112,
,,,0.000355400000,   0.00088,
,,,0.000355410000,   0.00080,
,,,0.000355420000,   0.00056,
,,,0.000355430000,   0.00128,
,,,0.000355440000,   0.00096,
,,,0.000355450000,   0.00120,
,,,0.000355460000,   0.00040,
,,,0.000355470000,   0.00104,
,,,0.000355480000,   0.00088,
,,,0.000355490000,   0.00088,
,,,0.000355500000,   0.00112,
,,,0.000355510000,   0.00080,
,,,0.000355520000,   0.00056,
,,,0.000355530000,   0.00064,
,,,0.000355540000,   0.00056,
,,,0.000355550000,   0.00064,
,,,0.000355560000,   0.00056,
,,,0.000355570000,   0.00080,
,,,0.000355580000,   0.00104,
,,,0.000355590000,   0.00088,
,,,0.000355600000,   0.00104,
,,,0.000355610000,   0.00064,
,,,0.000355620000,   0.00072,
,,,0.000355630000,   0.00096,
,,,0.000355640000,   0.00096,
,,,0.000355650000,   0.00104,
,,,0.000355660000,   0.00120,
,,,0.000355670000,   0.00160,
,,,0.000355680000,   0.00136,
,,,0.000355690000,   0.00144,
,,,0.000355700000,   0.00152,
,,,0.000355710000,   0.00144,
,,,0.000355720000,   0.00152,
,,,0.000355730000,   0.00120,
,,,0.000355740000,   0.00096,
,,,0.000355750000,   0.00104,
,,,0.000355760000,   0.00128,
,,,0.000355770000,   0.00152,
,,,0.000355780000,   0.00152,
,,,0.000355790000,   0.00064,
,,,0.000355800000,   0.00080,
,,,0.000355810000,   0.00072,
,,,0.000355820000,   0.00096,
,,,0.000355830000,   0.00096,
,,,0.000355840000,   0.00096,
,,,0.000355850000,   0.00120,
,,,0.000355860000,   0.00136,
,,,0.000355870000,   0.00136,
,,,0.000355880000,   0.00152,
,,,0.000355890000,   0.00128,
,,,0.000355900000,   0.00128,
,,,0.000355910000,   0.00080,
,,,0.000355920000,   0.00064,
,,,0.000355930000,   0.00120,
,,,0.000355940000,   0.00088,
,,,0.000355950000,   0.00136,
,,,0.000355960000,   0.00096,
,,,0.000355970000,   0.00096,
,,,0.000355980000,   0.00136,
,,,0.000355990000,   0.00096,
,,,0.000356000000,   0.00064,
,,,0.000356010000,   0.00120,
,,,0.000356020000,   0.00080,
,,,0.000356030000,   0.00104,
,,,0.000356040000,   0.00136,
,,,0.000356050000,   0.00144,
,,,0.000356060000,   0.00104,
,,,0.000356070000,   0.00088,
,,,0.000356080000,   0.00064,
,,,0.000356090000,   0.00064,
,,,0.000356100000,   0.00056,
,,,0.000356110000,   0.00064,
,,,0.000356120000,   0.00088,
,,,0.000356130000,   0.00128,
,,,0.000356140000,   0.00128,
,,,0.000356150000,   0.00120,
,,,0.000356160000,   0.00120,
,,,0.000356170000,   0.00144,
,,,0.000356180000,   0.00128,
,,,0.000356190000,   0.00112,
,,,0.000356200000,   0.00136,
,,,0.000356210000,   0.00096,
,,,0.000356220000,   0.00104,
,,,0.000356230000,   0.00104,
,,,0.000356240000,   0.00120,
,,,0.000356250000,   0.00120,
,,,0.000356260000,   0.00088,
,,,0.000356270000,   0.00096,
,,,0.000356280000,   0.00056,
,,,0.000356290000,   0.00096,
,,,0.000356300000,   0.00088,
,,,0.000356310000,   0.00152,
,,,0.000356320000,   0.00112,
,,,0.000356330000,   0.00128,
,,,0.000356340000,   0.00144,
,,,0.000356350000,   0.00104,
,,,0.000356360000,   0.00136,
,,,0.000356370000,   0.00120,
,,,0.000356380000,   0.00120,
,,,0.000356390000,   0.00120,
,,,0.000356400000,   0.00104,
,,,0.000356410000,   0.00104,
,,,0.000356420000,   0.00152,
,,,0.000356430000,   0.00096,
,,,0.000356440000,   0.00112,
,,,0.000356450000,   0.00104,
,,,0.000356460000,   0.00096,
,,,0.000356470000,   0.00104,
,,,0.000356480000,   0.00080,
,,,0.000356490000,   0.00088,
,,,0.000356500000,   0.00064,
,,,0.000356510000,   0.00096,
,,,0.000356520000,   0.00096,
,,,0.000356530000,   0.00080,
,,,0.000356540000,   0.00104,
,,,0.000356550000,   0.00080,
,,,0.000356560000,   0.00088,
,,,0.000356570000,   0.00152,
,,,0.000356580000,   0.00136,
,,,0.000356590000,   0.00104,
,,,0.000356600000,   0.00016,
,,,0.000356610000,   0.00064,
,,,0.000356620000,   0.00104,
,,,0.000356630000,   0.00096,
,,,0.000356640000,  -0.00080,
,,,0.000356650000,   0.00088,
,,,0.000356660000,   0.00128,
,,,0.000356670000,   0.00104,
,,,0.000356680000,   0.00096,
,,,0.000356690000,   0.00128,
,,,0.000356700000,   0.00040,
,,,0.000356710000,  -0.00096,
,,,0.000356720000,   0.00016,
,,,0.000356730000,   0.00000,
,,,0.000356740000,   0.00056,
,,,0.000356750000,   0.00096,
,,,0.000356760000,   0.00096,
,,,0.000356770000,   0.00080,
,,,0.000356780000,   0.00048,
,,,0.000356790000,   0.00088,
,,,0.000356800000,   0.00048,
,,,0.000356810000,   0.00120,
,,,0.000356820000,   0.00160,
,,,0.000356830000,   0.00096,
,,,0.000356840000,   0.00056,
,,,0.000356850000,   0.00048,
,,,0.000356860000,   0.00008,
,,,0.000356870000,   0.00056,
,,,0.000356880000,   0.00056,
,,,0.000356890000,   0.00040,
,,,0.000356900000,   0.00080,
,,,0.000356910000,   0.00136,
,,,0.000356920000,   0.00128,
,,,0.000356930000,   0.00112,
,,,0.000356940000,   0.00104,
,,,0.000356950000,   0.00104,
,,,0.000356960000,   0.00056,
,,,0.000356970000,   0.00088,
,,,0.000356980000,   0.00120,
,,,0.000356990000,   0.00096,
,,,0.000357000000,   0.00160,
,,,0.000357010000,   0.00160,
,,,0.000357020000,   0.00168,
,,,0.000357030000,   0.00176,
,,,0.000357040000,   0.00120,
,,,0.000357050000,   0.00128,
,,,0.000357060000,   0.00112,
,,,0.000357070000,   0.00136,
,,,0.000357080000,   0.00136,
,,,0.000357090000,   0.00144,
,,,0.000357100000,   0.00168,
,,,0.000357110000,   0.00112,
,,,0.000357120000,   0.00104,
,,,0.000357130000,   0.00152,
,,,0.000357140000,   0.00128,
,,,0.000357150000,   0.00152,
,,,0.000357160000,   0.00176,
,,,0.000357170000,   0.00208,
,,,0.000357180000,   0.00168,
,,,0.000357190000,   0.00152,
,,,0.000357200000,   0.00096,
,,,0.000357210000,   0.00096,
,,,0.000357220000,   0.00064,
,,,0.000357230000,   0.00168,
,,,0.000357240000,   0.00208,
,,,0.000357250000,   0.00192,
,,,0.000357260000,   0.00184,
,,,0.000357270000,   0.00160,
,,,0.000357280000,   0.00160,
,,,0.000357290000,   0.00128,
,,,0.000357300000,   0.00120,
,,,0.000357310000,   0.00096,
,,,0.000357320000,   0.00152,
,,,0.000357330000,   0.00120,
,,,0.000357340000,   0.00104,
,,,0.000357350000,   0.00152,
,,,0.000357360000,   0.00080,
,,,0.000357370000,   0.00080,
,,,0.000357380000,   0.00064,
,,,0.000357390000,   0.00008,
,,,0.000357400000,   0.00040,
,,,0.000357410000,   0.00128,
,,,0.000357420000,   0.00136,
,,,0.000357430000,   0.00120,
,,,0.000357440000,   0.00152,
,,,0.000357450000,   0.00184,
,,,0.000357460000,   0.00104,
,,,0.000357470000,   0.00056,
,,,0.000357480000,   0.00040,
,,,0.000357490000,   0.00056,
,,,0.000357500000,   0.00032,
,,,0.000357510000,   0.00072,
,,,0.000357520000,   0.00096,
,,,0.000357530000,   0.00136,
,,,0.000357540000,   0.00112,
,,,0.000357550000,   0.00120,
,,,0.000357560000,   0.00160,
,,,0.000357570000,   0.00088,
,,,0.000357580000,   0.00088,
,,,0.000357590000,   0.00096,
,,,0.000357600000,   0.00104,
,,,0.000357610000,   0.00104,
,,,0.000357620000,   0.00064,
,,,0.000357630000,   0.00064,
,,,0.000357640000,   0.00024,
,,,0.000357650000,   0.00040,
,,,0.000357660000,   0.00024,
,,,0.000357670000,   0.00032,
,,,0.000357680000,   0.00080,
,,,0.000357690000,   0.00128,
,,,0.000357700000,   0.00128,
,,,0.000357710000,   0.00104,
,,,0.000357720000,   0.00048,
,,,0.000357730000,   0.00008,
,,,0.000357740000,   0.00024,
,,,0.000357750000,   0.00024,
,,,0.000357760000,   0.00072,
,,,0.000357770000,   0.00048,
,,,0.000357780000,   0.00088,
,,,0.000357790000,   0.00064,
,,,0.000357800000,   0.00056,
,,,0.000357810000,   0.00064,
,,,0.000357820000,   0.00032,
,,,0.000357830000,   0.00056,
,,,0.000357840000,   0.00048,
,,,0.000357850000,   0.00096,
,,,0.000357860000,   0.00096,
,,,0.000357870000,   0.00072,
,,,0.000357880000,   0.00016,
,,,0.000357890000,   0.00048,
,,,0.000357900000,   0.00056,
,,,0.000357910000,   0.00088,
,,,0.000357920000,   0.00080,
,,,0.000357930000,   0.00096,
,,,0.000357940000,   0.00064,
,,,0.000357950000,   0.00088,
,,,0.000357960000,   0.00088,
,,,0.000357970000,   0.00056,
,,,0.000357980000,  -0.00008,
,,,0.000357990000,   0.00048,
,,,0.000358000000,   0.00088,
,,,0.000358010000,   0.00104,
,,,0.000358020000,   0.00072,
,,,0.000358030000,   0.00048,
,,,0.000358040000,   0.00048,
,,,0.000358050000,   0.00064,
,,,0.000358060000,   0.00072,
,,,0.000358070000,   0.00088,
,,,0.000358080000,   0.00088,
,,,0.000358090000,   0.00088,
,,,0.000358100000,   0.00080,
,,,0.000358110000,   0.00048,
,,,0.000358120000,   0.00032,
,,,0.000358130000,   0.00032,
,,,0.000358140000,   0.00080,
,,,0.000358150000,   0.00080,
,,,0.000358160000,   0.00088,
,,,0.000358170000,   0.00088,
,,,0.000358180000,   0.00112,
,,,0.000358190000,   0.00096,
,,,0.000358200000,   0.00072,
,,,0.000358210000,   0.00032,
,,,0.000358220000,   0.00040,
,,,0.000358230000,   0.00032,
,,,0.000358240000,   0.00048,
,,,0.000358250000,   0.00096,
,,,0.000358260000,   0.00120,
,,,0.000358270000,   0.00096,
,,,0.000358280000,   0.00064,
,,,0.000358290000,   0.00064,
,,,0.000358300000,   0.00104,
,,,0.000358310000,   0.00096,
,,,0.000358320000,   0.00080,
,,,0.000358330000,   0.00056,
,,,0.000358340000,   0.00080,
,,,0.000358350000,   0.00048,
,,,0.000358360000,   0.00112,
,,,0.000358370000,   0.00088,
,,,0.000358380000,   0.00080,
,,,0.000358390000,   0.00056,
,,,0.000358400000,   0.00104,
,,,0.000358410000,   0.00104,
,,,0.000358420000,   0.00096,
,,,0.000358430000,   0.00104,
,,,0.000358440000,   0.00128,
,,,0.000358450000,   0.00088,
,,,0.000358460000,   0.00088,
,,,0.000358470000,   0.00040,
,,,0.000358480000,   0.00064,
,,,0.000358490000,   0.00096,
,,,0.000358500000,   0.00104,
,,,0.000358510000,   0.00128,
,,,0.000358520000,   0.00128,
,,,0.000358530000,   0.00080,
,,,0.000358540000,   0.00064,
,,,0.000358550000,   0.00064,
,,,0.000358560000,   0.00056,
,,,0.000358570000,   0.00056,
,,,0.000358580000,   0.00064,
,,,0.000358590000,   0.00128,
,,,0.000358600000,   0.00136,
,,,0.000358610000,   0.00128,
,,,0.000358620000,   0.00136,
,,,0.000358630000,   0.00088,
,,,0.000358640000,   0.00024,
,,,0.000358650000,   0.00024,
,,,0.000358660000,   0.00008,
,,,0.000358670000,   0.00008,
,,,0.000358680000,   0.00080,
,,,0.000358690000,   0.00104,
,,,0.000358700000,   0.00168,
,,,0.000358710000,   0.00128,
,,,0.000358720000,   0.00104,
,,,0.000358730000,   0.00104,
,,,0.000358740000,   0.00064,
,,,0.000358750000,   0.00080,
,,,0.000358760000,   0.00032,
,,,0.000358770000,   0.00112,
,,,0.000358780000,   0.00120,
,,,0.000358790000,   0.00144,
,,,0.000358800000,   0.00144,
,,,0.000358810000,   0.00112,
,,,0.000358820000,   0.00088,
,,,0.000358830000,   0.00104,
,,,0.000358840000,   0.00096,
,,,0.000358850000,   0.00120,
,,,0.000358860000,   0.00104,
,,,0.000358870000,   0.00128,
,,,0.000358880000,   0.00120,
,,,0.000358890000,   0.00080,
,,,0.000358900000,   0.00096,
,,,0.000358910000,   0.00128,
,,,0.000358920000,   0.00120,
,,,0.000358930000,   0.00080,
,,,0.000358940000,   0.00112,
,,,0.000358950000,   0.00104,
,,,0.000358960000,   0.00112,
,,,0.000358970000,   0.00120,
,,,0.000358980000,   0.00144,
,,,0.000358990000,   0.00152,
,,,0.000359000000,   0.00128,
,,,0.000359010000,   0.00080,
,,,0.000359020000,   0.00056,
,,,0.000359030000,   0.00072,
,,,0.000359040000,   0.00104,
,,,0.000359050000,   0.00096,
,,,0.000359060000,   0.00136,
,,,0.000359070000,   0.00144,
,,,0.000359080000,   0.00184,
,,,0.000359090000,   0.00128,
,,,0.000359100000,   0.00128,
,,,0.000359110000,   0.00096,
,,,0.000359120000,   0.00096,
,,,0.000359130000,   0.00104,
,,,0.000359140000,   0.00136,
,,,0.000359150000,   0.00144,
,,,0.000359160000,   0.00144,
,,,0.000359170000,   0.00176,
,,,0.000359180000,   0.00152,
,,,0.000359190000,   0.00136,
,,,0.000359200000,   0.00080,
,,,0.000359210000,   0.00096,
,,,0.000359220000,   0.00064,
,,,0.000359230000,   0.00112,
,,,0.000359240000,   0.00136,
,,,0.000359250000,   0.00160,
,,,0.000359260000,   0.00152,
,,,0.000359270000,   0.00064,
,,,0.000359280000,   0.00088,
,,,0.000359290000,   0.00136,
,,,0.000359300000,   0.00128,
,,,0.000359310000,   0.00120,
,,,0.000359320000,   0.00088,
,,,0.000359330000,   0.00104,
,,,0.000359340000,   0.00096,
,,,0.000359350000,   0.00080,
,,,0.000359360000,   0.00088,
,,,0.000359370000,   0.00088,
,,,0.000359380000,   0.00080,
,,,0.000359390000,   0.00080,
,,,0.000359400000,   0.00120,
,,,0.000359410000,   0.00096,
,,,0.000359420000,   0.00112,
,,,0.000359430000,   0.00144,
,,,0.000359440000,   0.00096,
,,,0.000359450000,   0.00080,
,,,0.000359460000,   0.00088,
,,,0.000359470000,   0.00104,
,,,0.000359480000,   0.00128,
,,,0.000359490000,   0.00112,
,,,0.000359500000,   0.00096,
,,,0.000359510000,   0.00096,
,,,0.000359520000,   0.00144,
,,,0.000359530000,   0.00144,
,,,0.000359540000,   0.00128,
,,,0.000359550000,   0.00080,
,,,0.000359560000,   0.00072,
,,,0.000359570000,   0.00056,
,,,0.000359580000,   0.00064,
,,,0.000359590000,   0.00064,
,,,0.000359600000,   0.00080,
,,,0.000359610000,   0.00080,
,,,0.000359620000,   0.00072,
,,,0.000359630000,   0.00064,
,,,0.000359640000,   0.00064,
,,,0.000359650000,   0.00048,
,,,0.000359660000,   0.00072,
,,,0.000359670000,   0.00032,
,,,0.000359680000,   0.00088,
,,,0.000359690000,   0.00064,
,,,0.000359700000,   0.00040,
,,,0.000359710000,   0.00032,
,,,0.000359720000,   0.00064,
,,,0.000359730000,   0.00000,
,,,0.000359740000,   0.00064,
,,,0.000359750000,   0.00024,
,,,0.000359760000,   0.00088,
,,,0.000359770000,   0.00080,
,,,0.000359780000,   0.00096,
,,,0.000359790000,   0.00064,
,,,0.000359800000,   0.00016,
,,,0.000359810000,   0.00032,
,,,0.000359820000,   0.00080,
,,,0.000359830000,   0.00048,
,,,0.000359840000,   0.00112,
,,,0.000359850000,   0.00064,
,,,0.000359860000,   0.00040,
,,,0.000359870000,   0.00024,
,,,0.000359880000,   0.00064,
,,,0.000359890000,   0.00064,
,,,0.000359900000,   0.00056,
,,,0.000359910000,  -0.00008,
,,,0.000359920000,   0.00008,
,,,0.000359930000,   0.00024,
,,,0.000359940000,   0.00056,
,,,0.000359950000,   0.00088,
,,,0.000359960000,   0.00104,
,,,0.000359970000,   0.00128,
,,,0.000359980000,   0.00096,
,,,0.000359990000,   0.00048,
,,,0.000360000000,   0.00048,
,,,0.000360010000,   0.00048,
,,,0.000360020000,   0.00112,
,,,0.000360030000,   0.00136,
,,,0.000360040000,   0.00104,
,,,0.000360050000,   0.00096,
,,,0.000360060000,   0.00048,
,,,0.000360070000,   0.00088,
,,,0.000360080000,   0.00064,
,,,0.000360090000,   0.00088,
,,,0.000360100000,   0.00072,
,,,0.000360110000,   0.00056,
,,,0.000360120000,   0.00064,
,,,0.000360130000,   0.00064,
,,,0.000360140000,   0.00072,
,,,0.000360150000,   0.00072,
,,,0.000360160000,   0.00088,
,,,0.000360170000,   0.00104,
,,,0.000360180000,   0.00112,
,,,0.000360190000,   0.00088,
,,,0.000360200000,   0.00120,
,,,0.000360210000,   0.00096,
,,,0.000360220000,   0.00056,
,,,0.000360230000,   0.00056,
,,,0.000360240000,   0.00064,
,,,0.000360250000,   0.00064,
,,,0.000360260000,   0.00096,
,,,0.000360270000,   0.00112,
,,,0.000360280000,   0.00112,
,,,0.000360290000,   0.00120,
,,,0.000360300000,   0.00096,
,,,0.000360310000,   0.00088,
,,,0.000360320000,   0.00072,
,,,0.000360330000,   0.00040,
,,,0.000360340000,   0.00048,
,,,0.000360350000,   0.00032,
,,,0.000360360000,   0.00064,
,,,0.000360370000,   0.00104,
,,,0.000360380000,   0.00112,
,,,0.000360390000,   0.00120,
,,,0.000360400000,   0.00088,
,,,0.000360410000,   0.00048,
,,,0.000360420000,   0.00048,
,,,0.000360430000,   0.00088,
,,,0.000360440000,   0.00080,
,,,0.000360450000,   0.00080,
,,,0.000360460000,   0.00120,
,,,0.000360470000,   0.00048,
,,,0.000360480000,   0.00048,
,,,0.000360490000,   0.00088,
,,,0.000360500000,   0.00064,
,,,0.000360510000,   0.00048,
,,,0.000360520000,   0.00056,
,,,0.000360530000,   0.00048,
,,,0.000360540000,   0.00024,
,,,0.000360550000,   0.00088,
,,,0.000360560000,   0.00064,
,,,0.000360570000,   0.00088,
,,,0.000360580000,   0.00168,
,,,0.000360590000,   0.00112,
,,,0.000360600000,   0.00048,
,,,0.000360610000,   0.00064,
,,,0.000360620000,   0.00040,
,,,0.000360630000,   0.00040,
,,,0.000360640000,   0.00112,
,,,0.000360650000,   0.00152,
,,,0.000360660000,   0.00160,
,,,0.000360670000,   0.00152,
,,,0.000360680000,   0.00160,
,,,0.000360690000,   0.00112,
,,,0.000360700000,   0.00048,
,,,0.000360710000,   0.00040,
,,,0.000360720000,   0.00056,
,,,0.000360730000,   0.00080,
,,,0.000360740000,   0.00144,
,,,0.000360750000,   0.00128,
,,,0.000360760000,   0.00096,
,,,0.000360770000,   0.00072,
,,,0.000360780000,   0.00088,
,,,0.000360790000,   0.00056,
,,,0.000360800000,   0.00072,
,,,0.000360810000,   0.00104,
,,,0.000360820000,   0.00120,
,,,0.000360830000,   0.00096,
,,,0.000360840000,   0.00040,
,,,0.000360850000,   0.00040,
,,,0.000360860000,   0.00104,
,,,0.000360870000,   0.00112,
,,,0.000360880000,   0.00128,
,,,0.000360890000,   0.00088,
,,,0.000360900000,   0.00072,
,,,0.000360910000,   0.00056,
,,,0.000360920000,   0.00056,
,,,0.000360930000,   0.00104,
,,,0.000360940000,   0.00056,
,,,0.000360950000,   0.00016,
,,,0.000360960000,   0.00048,
,,,0.000360970000,   0.00032,
,,,0.000360980000,   0.00040,
,,,0.000360990000,   0.00056,
,,,0.000361000000,   0.00072,
,,,0.000361010000,   0.00120,
,,,0.000361020000,   0.00112,
,,,0.000361030000,   0.00064,
,,,0.000361040000,   0.00032,
,,,0.000361050000,   0.00024,
,,,0.000361060000,   0.00032,
,,,0.000361070000,   0.00008,
,,,0.000361080000,   0.00072,
,,,0.000361090000,   0.00104,
,,,0.000361100000,   0.00144,
,,,0.000361110000,   0.00104,
,,,0.000361120000,   0.00072,
,,,0.000361130000,   0.00040,
,,,0.000361140000,   0.00056,
,,,0.000361150000,   0.00048,
,,,0.000361160000,   0.00024,
,,,0.000361170000,   0.00032,
,,,0.000361180000,   0.00056,
,,,0.000361190000,   0.00056,
,,,0.000361200000,   0.00024,
,,,0.000361210000,   0.00032,
,,,0.000361220000,   0.00096,
,,,0.000361230000,   0.00088,
,,,0.000361240000,   0.00048,
,,,0.000361250000,   0.00024,
,,,0.000361260000,   0.00024,
,,,0.000361270000,   0.00016,
,,,0.000361280000,   0.00024,
,,,0.000361290000,   0.00000,
,,,0.000361300000,   0.00040,
,,,0.000361310000,   0.00056,
,,,0.000361320000,   0.00056,
,,,0.000361330000,   0.00032,
,,,0.000361340000,   0.00072,
,,,0.000361350000,   0.00024,
,,,0.000361360000,   0.00040,
,,,0.000361370000,   0.00024,
,,,0.000361380000,   0.00056,
,,,0.000361390000,   0.00064,
,,,0.000361400000,   0.00104,
,,,0.000361410000,   0.00120,
,,,0.000361420000,   0.00072,
,,,0.000361430000,   0.00032,
,,,0.000361440000,   0.00008,
,,,0.000361450000,   0.00024,
,,,0.000361460000,   0.00088,
,,,0.000361470000,   0.00112,
,,,0.000361480000,   0.00112,
,,,0.000361490000,   0.00104,
,,,0.000361500000,   0.00112,
,,,0.000361510000,   0.00064,
,,,0.000361520000,   0.00072,
,,,0.000361530000,   0.00056,
,,,0.000361540000,   0.00056,
,,,0.000361550000,  -0.00008,
,,,0.000361560000,  -0.00016,
,,,0.000361570000,   0.00040,
,,,0.000361580000,   0.00072,
,,,0.000361590000,   0.00120,
,,,0.000361600000,   0.00120,
,,,0.000361610000,   0.00104,
,,,0.000361620000,   0.00096,
,,,0.000361630000,   0.00120,
,,,0.000361640000,   0.00064,
,,,0.000361650000,   0.00064,
,,,0.000361660000,   0.00056,
,,,0.000361670000,   0.00048,
,,,0.000361680000,   0.00080,
,,,0.000361690000,   0.00128,
,,,0.000361700000,   0.00136,
,,,0.000361710000,   0.00144,
,,,0.000361720000,   0.00184,
,,,0.000361730000,   0.00112,
,,,0.000361740000,   0.00072,
,,,0.000361750000,   0.00080,
,,,0.000361760000,   0.00056,
,,,0.000361770000,   0.00088,
,,,0.000361780000,   0.00088,
,,,0.000361790000,   0.00136,
,,,0.000361800000,   0.00192,
,,,0.000361810000,   0.00160,
,,,0.000361820000,   0.00144,
,,,0.000361830000,   0.00120,
,,,0.000361840000,   0.00048,
,,,0.000361850000,   0.00016,
,,,0.000361860000,   0.00032,
,,,0.000361870000,   0.00096,
,,,0.000361880000,   0.00112,
,,,0.000361890000,   0.00136,
,,,0.000361900000,   0.00136,
,,,0.000361910000,   0.00128,
,,,0.000361920000,   0.00112,
,,,0.000361930000,   0.00120,
,,,0.000361940000,   0.00096,
,,,0.000361950000,   0.00120,
,,,0.000361960000,   0.00112,
,,,0.000361970000,   0.00104,
,,,0.000361980000,   0.00112,
,,,0.000361990000,   0.00112,
,,,0.000362000000,   0.00112,
,,,0.000362010000,   0.00128,
,,,0.000362020000,   0.00136,
,,,0.000362030000,   0.00120,
,,,0.000362040000,   0.00096,
,,,0.000362050000,   0.00088,
,,,0.000362060000,   0.00088,
,,,0.000362070000,   0.00112,
,,,0.000362080000,   0.00128,
,,,0.000362090000,   0.00128,
,,,0.000362100000,   0.00136,
,,,0.000362110000,   0.00088,
,,,0.000362120000,   0.00104,
,,,0.000362130000,   0.00088,
,,,0.000362140000,   0.00160,
,,,0.000362150000,   0.00160,
,,,0.000362160000,   0.00168,
,,,0.000362170000,   0.00160,
,,,0.000362180000,   0.00112,
,,,0.000362190000,   0.00080,
,,,0.000362200000,   0.00056,
,,,0.000362210000,   0.00072,
,,,0.000362220000,   0.00064,
,,,0.000362230000,   0.00080,
,,,0.000362240000,   0.00112,
,,,0.000362250000,   0.00112,
,,,0.000362260000,   0.00112,
,,,0.000362270000,   0.00152,
,,,0.000362280000,   0.00120,
,,,0.000362290000,   0.00136,
,,,0.000362300000,   0.00112,
,,,0.000362310000,   0.00112,
,,,0.000362320000,   0.00088,
,,,0.000362330000,   0.00096,
,,,0.000362340000,   0.00080,
,,,0.000362350000,   0.00080,
,,,0.000362360000,   0.00048,
,,,0.000362370000,   0.00072,
,,,0.000362380000,   0.00088,
,,,0.000362390000,   0.00112,
,,,0.000362400000,   0.00168,
,,,0.000362410000,   0.00160,
,,,0.000362420000,   0.00112,
,,,0.000362430000,   0.00080,
,,,0.000362440000,   0.00120,
,,,0.000362450000,   0.00096,
,,,0.000362460000,   0.00096,
,,,0.000362470000,   0.00096,
,,,0.000362480000,   0.00120,
,,,0.000362490000,   0.00088,
,,,0.000362500000,   0.00112,
,,,0.000362510000,   0.00080,
,,,0.000362520000,   0.00064,
,,,0.000362530000,   0.00120,
,,,0.000362540000,   0.00088,
,,,0.000362550000,   0.00064,
,,,0.000362560000,   0.00096,
,,,0.000362570000,   0.00096,
,,,0.000362580000,   0.00048,
,,,0.000362590000,   0.00072,
,,,0.000362600000,   0.00080,
,,,0.000362610000,   0.00064,
,,,0.000362620000,   0.00048,
,,,0.000362630000,   0.00064,
,,,0.000362640000,   0.00072,
,,,0.000362650000,   0.00072,
,,,0.000362660000,   0.00064,
,,,0.000362670000,   0.00064,
,,,0.000362680000,   0.00064,
,,,0.000362690000,   0.00104,
,,,0.000362700000,   0.00096,
,,,0.000362710000,   0.00096,
,,,0.000362720000,   0.00064,
,,,0.000362730000,   0.00104,
,,,0.000362740000,   0.00112,
,,,0.000362750000,   0.00104,
,,,0.000362760000,   0.00088,
,,,0.000362770000,   0.00048,
,,,0.000362780000,   0.00048,
,,,0.000362790000,   0.00032,
,,,0.000362800000,   0.00056,
,,,0.000362810000,   0.00112,
,,,0.000362820000,   0.00088,
,,,0.000362830000,   0.00048,
,,,0.000362840000,   0.00024,
,,,0.000362850000,  -0.00008,
,,,0.000362860000,   0.00016,
,,,0.000362870000,   0.00112,
,,,0.000362880000,   0.00168,
,,,0.000362890000,   0.00136,
,,,0.000362900000,   0.00080,
,,,0.000362910000,   0.00064,
,,,0.000362920000,   0.00008,
,,,0.000362930000,  -0.00008,
,,,0.000362940000,   0.00000,
,,,0.000362950000,   0.00096,
,,,0.000362960000,   0.00112,
,,,0.000362970000,   0.00144,
,,,0.000362980000,   0.00096,
,,,0.000362990000,   0.00088,
,,,0.000363000000,   0.00088,
,,,0.000363010000,   0.00048,
,,,0.000363020000,   0.00064,
,,,0.000363030000,   0.00064,
,,,0.000363040000,   0.00056,
,,,0.000363050000,   0.00024,
,,,0.000363060000,   0.00096,
,,,0.000363070000,   0.00104,
,,,0.000363080000,   0.00112,
,,,0.000363090000,   0.00112,
,,,0.000363100000,   0.00032,
,,,0.000363110000,   0.00024,
,,,0.000363120000,   0.00056,
,,,0.000363130000,   0.00048,
,,,0.000363140000,   0.00088,
,,,0.000363150000,   0.00120,
,,,0.000363160000,   0.00104,
,,,0.000363170000,   0.00136,
,,,0.000363180000,   0.00088,
,,,0.000363190000,   0.00088,
,,,0.000363200000,   0.00040,
,,,0.000363210000,   0.00032,
,,,0.000363220000,   0.00064,
,,,0.000363230000,   0.00120,
,,,0.000363240000,   0.00144,
,,,0.000363250000,   0.00096,
,,,0.000363260000,   0.00088,
,,,0.000363270000,   0.00064,
,,,0.000363280000,   0.00024,
,,,0.000363290000,   0.00056,
,,,0.000363300000,   0.00080,
,,,0.000363310000,   0.00096,
,,,0.000363320000,   0.00112,
,,,0.000363330000,   0.00144,
,,,0.000363340000,   0.00112,
,,,0.000363350000,   0.00072,
,,,0.000363360000,   0.00080,
,,,0.000363370000,   0.00088,
,,,0.000363380000,   0.00056,
,,,0.000363390000,   0.00096,
,,,0.000363400000,   0.00096,
,,,0.000363410000,   0.00104,
,,,0.000363420000,   0.00080,
,,,0.000363430000,   0.00104,
,,,0.000363440000,   0.00104,
,,,0.000363450000,   0.00112,
,,,0.000363460000,   0.00088,
,,,0.000363470000,   0.00072,
,,,0.000363480000,   0.00064,
,,,0.000363490000,   0.00128,
,,,0.000363500000,   0.00160,
,,,0.000363510000,   0.00136,
,,,0.000363520000,   0.00152,
,,,0.000363530000,   0.00152,
,,,0.000363540000,   0.00120,
,,,0.000363550000,   0.00128,
,,,0.000363560000,   0.00128,
,,,0.000363570000,   0.00128,
,,,0.000363580000,   0.00168,
,,,0.000363590000,   0.00184,
,,,0.000363600000,   0.00144,
,,,0.000363610000,   0.00160,
,,,0.000363620000,   0.00168,
,,,0.000363630000,   0.00168,
,,,0.000363640000,   0.00120,
,,,0.000363650000,   0.00112,
,,,0.000363660000,   0.00112,
,,,0.000363670000,   0.00128,
,,,0.000363680000,   0.00152,
,,,0.000363690000,   0.00144,
,,,0.000363700000,   0.00160,
,,,0.000363710000,   0.00096,
,,,0.000363720000,   0.00128,
,,,0.000363730000,   0.00136,
,,,0.000363740000,   0.00112,
,,,0.000363750000,   0.00096,
,,,0.000363760000,   0.00128,
,,,0.000363770000,   0.00128,
,,,0.000363780000,   0.00096,
,,,0.000363790000,   0.00096,
,,,0.000363800000,   0.00064,
,,,0.000363810000,   0.00072,
,,,0.000363820000,   0.00096,
,,,0.000363830000,   0.00120,
,,,0.000363840000,   0.00120,
,,,0.000363850000,   0.00144,
,,,0.000363860000,   0.00144,
,,,0.000363870000,   0.00128,
,,,0.000363880000,   0.00104,
,,,0.000363890000,   0.00120,
,,,0.000363900000,   0.00152,
,,,0.000363910000,   0.00144,
,,,0.000363920000,   0.00128,
,,,0.000363930000,   0.00128,
,,,0.000363940000,   0.00160,
,,,0.000363950000,   0.00136,
,,,0.000363960000,   0.00168,
,,,0.000363970000,   0.00088,
,,,0.000363980000,   0.00096,
,,,0.000363990000,   0.00104,
,,,0.000364000000,   0.00088,
,,,0.000364010000,   0.00112,
,,,0.000364020000,   0.00128,
,,,0.000364030000,   0.00168,
,,,0.000364040000,   0.00176,
,,,0.000364050000,   0.00144,
,,,0.000364060000,   0.00104,
,,,0.000364070000,   0.00080,
,,,0.000364080000,   0.00104,
,,,0.000364090000,   0.00144,
,,,0.000364100000,   0.00144,
,,,0.000364110000,   0.00152,
,,,0.000364120000,   0.00128,
,,,0.000364130000,   0.00120,
,,,0.000364140000,   0.00128,
,,,0.000364150000,   0.00136,
,,,0.000364160000,   0.00112,
,,,0.000364170000,   0.00064,
,,,0.000364180000,   0.00128,
,,,0.000364190000,   0.00136,
,,,0.000364200000,   0.00176,
,,,0.000364210000,   0.00144,
,,,0.000364220000,   0.00128,
,,,0.000364230000,   0.00120,
,,,0.000364240000,   0.00128,
,,,0.000364250000,   0.00128,
,,,0.000364260000,   0.00088,
,,,0.000364270000,   0.00072,
,,,0.000364280000,   0.00080,
,,,0.000364290000,   0.00112,
,,,0.000364300000,   0.00176,
,,,0.000364310000,   0.00144,
,,,0.000364320000,   0.00136,
,,,0.000364330000,   0.00088,
,,,0.000364340000,   0.00112,
,,,0.000364350000,   0.00088,
,,,0.000364360000,   0.00080,
,,,0.000364370000,   0.00112,
,,,0.000364380000,   0.00128,
,,,0.000364390000,   0.00104,
,,,0.000364400000,   0.00120,
,,,0.000364410000,   0.00176,
,,,0.000364420000,   0.00136,
,,,0.000364430000,   0.00128,
,,,0.000364440000,   0.00176,
,,,0.000364450000,   0.00160,
,,,0.000364460000,   0.00128,
,,,0.000364470000,   0.00144,
,,,0.000364480000,   0.00160,
,,,0.000364490000,   0.00160,
,,,0.000364500000,   0.00168,
,,,0.000364510000,   0.00152,
,,,0.000364520000,   0.00128,
,,,0.000364530000,   0.00176,
,,,0.000364540000,   0.00120,
,,,0.000364550000,   0.00136,
,,,0.000364560000,   0.00136,
,,,0.000364570000,   0.00160,
,,,0.000364580000,   0.00128,
,,,0.000364590000,   0.00144,
,,,0.000364600000,   0.00120,
,,,0.000364610000,   0.00160,
,,,0.000364620000,   0.00176,
,,,0.000364630000,   0.00152,
,,,0.000364640000,   0.00128,
,,,0.000364650000,   0.00112,
,,,0.000364660000,   0.00120,
,,,0.000364670000,   0.00136,
,,,0.000364680000,   0.00144,
,,,0.000364690000,   0.00136,
,,,0.000364700000,   0.00112,
,,,0.000364710000,   0.00088,
,,,0.000364720000,   0.00120,
,,,0.000364730000,   0.00128,
,,,0.000364740000,   0.00152,
,,,0.000364750000,   0.00128,
,,,0.000364760000,   0.00168,
,,,0.000364770000,   0.00168,
,,,0.000364780000,   0.00144,
,,,0.000364790000,   0.00152,
,,,0.000364800000,   0.00152,
,,,0.000364810000,   0.00176,
,,,0.000364820000,   0.00152,
,,,0.000364830000,   0.00112,
,,,0.000364840000,   0.00144,
,,,0.000364850000,   0.00152,
,,,0.000364860000,   0.00136,
,,,0.000364870000,   0.00136,
,,,0.000364880000,   0.00112,
,,,0.000364890000,   0.00144,
,,,0.000364900000,   0.00128,
,,,0.000364910000,   0.00136,
,,,0.000364920000,   0.00160,
,,,0.000364930000,   0.00176,
,,,0.000364940000,   0.00168,
,,,0.000364950000,   0.00192,
,,,0.000364960000,   0.00152,
,,,0.000364970000,   0.00168,
,,,0.000364980000,   0.00208,
,,,0.000364990000,   0.00216,
,,,0.000365000000,   0.00184,
,,,0.000365010000,   0.00160,
,,,0.000365020000,   0.00152,
,,,0.000365030000,   0.00128,
,,,0.000365040000,   0.00128,
,,,0.000365050000,   0.00168,
,,,0.000365060000,   0.00224,
,,,0.000365070000,   0.00240,
,,,0.000365080000,   0.00232,
,,,0.000365090000,   0.00240,
,,,0.000365100000,   0.00168,
,,,0.000365110000,   0.00152,
,,,0.000365120000,   0.00128,
,,,0.000365130000,   0.00120,
,,,0.000365140000,   0.00160,
,,,0.000365150000,   0.00224,
,,,0.000365160000,   0.00248,
,,,0.000365170000,   0.00256,
,,,0.000365180000,   0.00240,
,,,0.000365190000,   0.00184,
,,,0.000365200000,   0.00184,
,,,0.000365210000,   0.00184,
,,,0.000365220000,   0.00208,
,,,0.000365230000,   0.00168,
,,,0.000365240000,   0.00208,
,,,0.000365250000,   0.00224,
,,,0.000365260000,   0.00224,
,,,0.000365270000,   0.00256,
,,,0.000365280000,   0.00192,
,,,0.000365290000,   0.00176,
,,,0.000365300000,   0.00248,
,,,0.000365310000,   0.00208,
,,,0.000365320000,   0.00200,
,,,0.000365330000,   0.00224,
,,,0.000365340000,   0.00224,
,,,0.000365350000,   0.00224,
,,,0.000365360000,   0.00224,
,,,0.000365370000,   0.00192,
,,,0.000365380000,   0.00200,
,,,0.000365390000,   0.00224,
,,,0.000365400000,   0.00208,
,,,0.000365410000,   0.00232,
,,,0.000365420000,   0.00240,
,,,0.000365430000,   0.00240,
,,,0.000365440000,   0.00216,
,,,0.000365450000,   0.00224,
,,,0.000365460000,   0.00192,
,,,0.000365470000,   0.00200,
,,,0.000365480000,   0.00200,
,,,0.000365490000,   0.00200,
,,,0.000365500000,   0.00216,
,,,0.000365510000,   0.00256,
,,,0.000365520000,   0.00264,
,,,0.000365530000,   0.00288,
,,,0.000365540000,   0.00248,
,,,0.000365550000,   0.00256,
,,,0.000365560000,   0.00184,
,,,0.000365570000,   0.00208,
,,,0.000365580000,   0.00224,
,,,0.000365590000,   0.00216,
,,,0.000365600000,   0.00216,
,,,0.000365610000,   0.00208,
,,,0.000365620000,   0.00224,
,,,0.000365630000,   0.00200,
,,,0.000365640000,   0.00240,
,,,0.000365650000,   0.00264,
,,,0.000365660000,   0.00280,
,,,0.000365670000,   0.00304,
,,,0.000365680000,   0.00304,
,,,0.000365690000,   0.00240,
,,,0.000365700000,   0.00248,
,,,0.000365710000,   0.00240,
,,,0.000365720000,   0.00240,
,,,0.000365730000,   0.00216,
,,,0.000365740000,   0.00184,
,,,0.000365750000,   0.00240,
,,,0.000365760000,   0.00272,
,,,0.000365770000,   0.00280,
,,,0.000365780000,   0.00304,
,,,0.000365790000,   0.00280,
,,,0.000365800000,   0.00224,
,,,0.000365810000,   0.00168,
,,,0.000365820000,   0.00176,
,,,0.000365830000,   0.00240,
,,,0.000365840000,   0.00280,
,,,0.000365850000,   0.00320,
,,,0.000365860000,   0.00320,
,,,0.000365870000,   0.00304,
,,,0.000365880000,   0.00264,
,,,0.000365890000,   0.00272,
,,,0.000365900000,   0.00248,
,,,0.000365910000,   0.00272,
,,,0.000365920000,   0.00256,
,,,0.000365930000,   0.00288,
,,,0.000365940000,   0.00320,
,,,0.000365950000,   0.00264,
,,,0.000365960000,   0.00272,
,,,0.000365970000,   0.00296,
,,,0.000365980000,   0.00256,
,,,0.000365990000,   0.00280,
,,,0.000366000000,   0.00280,
,,,0.000366010000,   0.00264,
,,,0.000366020000,   0.00248,
,,,0.000366030000,   0.00240,
,,,0.000366040000,   0.00224,
,,,0.000366050000,   0.00288,
,,,0.000366060000,   0.00296,
,,,0.000366070000,   0.00272,
,,,0.000366080000,   0.00264,
,,,0.000366090000,   0.00248,
,,,0.000366100000,   0.00248,
,,,0.000366110000,   0.00248,
,,,0.000366120000,   0.00240,
,,,0.000366130000,   0.00272,
,,,0.000366140000,   0.00232,
,,,0.000366150000,   0.00216,
,,,0.000366160000,   0.00224,
,,,0.000366170000,   0.00272,
,,,0.000366180000,   0.00264,
,,,0.000366190000,   0.00216,
,,,0.000366200000,   0.00248,
,,,0.000366210000,   0.00264,
,,,0.000366220000,   0.00248,
,,,0.000366230000,   0.00264,
,,,0.000366240000,   0.00272,
,,,0.000366250000,   0.00280,
,,,0.000366260000,   0.00320,
,,,0.000366270000,   0.00248,
,,,0.000366280000,   0.00240,
,,,0.000366290000,   0.00280,
,,,0.000366300000,   0.00248,
,,,0.000366310000,   0.00224,
,,,0.000366320000,   0.00232,
,,,0.000366330000,   0.00256,
,,,0.000366340000,   0.00280,
,,,0.000366350000,   0.00280,
,,,0.000366360000,   0.00272,
,,,0.000366370000,   0.00256,
,,,0.000366380000,   0.00232,
,,,0.000366390000,   0.00256,
,,,0.000366400000,   0.00304,
,,,0.000366410000,   0.00312,
,,,0.000366420000,   0.00296,
,,,0.000366430000,   0.00280,
,,,0.000366440000,   0.00280,
,,,0.000366450000,   0.00248,
,,,0.000366460000,   0.00232,
,,,0.000366470000,   0.00240,
,,,0.000366480000,   0.00248,
,,,0.000366490000,   0.00304,
,,,0.000366500000,   0.00320,
,,,0.000366510000,   0.00304,
,,,0.000366520000,   0.00288,
,,,0.000366530000,   0.00304,
,,,0.000366540000,   0.00304,
,,,0.000366550000,   0.00288,
,,,0.000366560000,   0.00272,
,,,0.000366570000,   0.00272,
,,,0.000366580000,   0.00296,
,,,0.000366590000,   0.00328,
,,,0.000366600000,   0.00304,
,,,0.000366610000,   0.00296,
,,,0.000366620000,   0.00280,
,,,0.000366630000,   0.00248,
,,,0.000366640000,   0.00272,
,,,0.000366650000,   0.00336,
,,,0.000366660000,   0.00360,
,,,0.000366670000,   0.00360,
,,,0.000366680000,   0.00344,
,,,0.000366690000,   0.00336,
,,,0.000366700000,   0.00304,
,,,0.000366710000,   0.00312,
,,,0.000366720000,   0.00320,
,,,0.000366730000,   0.00344,
,,,0.000366740000,   0.00368,
,,,0.000366750000,   0.00336,
,,,0.000366760000,   0.00336,
,,,0.000366770000,   0.00240,
,,,0.000366780000,   0.00256,
,,,0.000366790000,   0.00336,
,,,0.000366800000,   0.00352,
,,,0.000366810000,   0.00344,
,,,0.000366820000,   0.00360,
,,,0.000366830000,   0.00344,
,,,0.000366840000,   0.00304,
,,,0.000366850000,   0.00296,
,,,0.000366860000,   0.00264,
,,,0.000366870000,   0.00256,
,,,0.000366880000,   0.00248,
,,,0.000366890000,   0.00296,
,,,0.000366900000,   0.00288,
,,,0.000366910000,   0.00328,
,,,0.000366920000,   0.00304,
,,,0.000366930000,   0.00320,
,,,0.000366940000,   0.00288,
,,,0.000366950000,   0.00304,
,,,0.000366960000,   0.00304,
,,,0.000366970000,   0.00272,
,,,0.000366980000,   0.00256,
,,,0.000366990000,   0.00240,
,,,0.000367000000,   0.00216,
,,,0.000367010000,   0.00256,
,,,0.000367020000,   0.00336,
,,,0.000367030000,   0.00336,
,,,0.000367040000,   0.00344,
,,,0.000367050000,   0.00296,
,,,0.000367060000,   0.00296,
,,,0.000367070000,   0.00248,
,,,0.000367080000,   0.00248,
,,,0.000367090000,   0.00240,
,,,0.000367100000,   0.00272,
,,,0.000367110000,   0.00240,
,,,0.000367120000,   0.00264,
,,,0.000367130000,   0.00280,
,,,0.000367140000,   0.00280,
,,,0.000367150000,   0.00256,
,,,0.000367160000,   0.00288,
,,,0.000367170000,   0.00296,
,,,0.000367180000,   0.00272,
,,,0.000367190000,   0.00280,
,,,0.000367200000,   0.00272,
,,,0.000367210000,   0.00320,
,,,0.000367220000,   0.00296,
,,,0.000367230000,   0.00272,
,,,0.000367240000,   0.00280,
,,,0.000367250000,   0.00312,
,,,0.000367260000,   0.00312,
,,,0.000367270000,   0.00304,
,,,0.000367280000,   0.00280,
,,,0.000367290000,   0.00240,
,,,0.000367300000,   0.00264,
,,,0.000367310000,   0.00272,
,,,0.000367320000,   0.00256,
,,,0.000367330000,   0.00240,
,,,0.000367340000,   0.00248,
,,,0.000367350000,   0.00280,
,,,0.000367360000,   0.00288,
,,,0.000367370000,   0.00320,
,,,0.000367380000,   0.00304,
,,,0.000367390000,   0.00232,
,,,0.000367400000,   0.00240,
,,,0.000367410000,   0.00216,
,,,0.000367420000,   0.00272,
,,,0.000367430000,   0.00296,
,,,0.000367440000,   0.00256,
,,,0.000367450000,   0.00248,
,,,0.000367460000,   0.00272,
,,,0.000367470000,   0.00208,
,,,0.000367480000,   0.00232,
,,,0.000367490000,   0.00216,
,,,0.000367500000,   0.00248,
,,,0.000367510000,   0.00256,
,,,0.000367520000,   0.00280,
,,,0.000367530000,   0.00280,
,,,0.000367540000,   0.00280,
,,,0.000367550000,   0.00224,
,,,0.000367560000,   0.00280,
,,,0.000367570000,   0.00264,
,,,0.000367580000,   0.00224,
,,,0.000367590000,   0.00200,
,,,0.000367600000,   0.00240,
,,,0.000367610000,   0.00272,
,,,0.000367620000,   0.00256,
,,,0.000367630000,   0.00248,
,,,0.000367640000,   0.00256,
,,,0.000367650000,   0.00216,
,,,0.000367660000,   0.00200,
,,,0.000367670000,   0.00208,
,,,0.000367680000,   0.00208,
,,,0.000367690000,   0.00232,
,,,0.000367700000,   0.00248,
,,,0.000367710000,   0.00256,
,,,0.000367720000,   0.00208,
,,,0.000367730000,   0.00224,
,,,0.000367740000,   0.00208,
,,,0.000367750000,   0.00216,
,,,0.000367760000,   0.00232,
,,,0.000367770000,   0.00216,
,,,0.000367780000,   0.00240,
,,,0.000367790000,   0.00248,
,,,0.000367800000,   0.00232,
,,,0.000367810000,   0.00208,
,,,0.000367820000,   0.00256,
,,,0.000367830000,   0.00224,
,,,0.000367840000,   0.00256,
,,,0.000367850000,   0.00216,
,,,0.000367860000,   0.00208,
,,,0.000367870000,   0.00216,
,,,0.000367880000,   0.00264,
,,,0.000367890000,   0.00272,
,,,0.000367900000,   0.00240,
,,,0.000367910000,   0.00224,
,,,0.000367920000,   0.00232,
,,,0.000367930000,   0.00208,
,,,0.000367940000,   0.00184,
,,,0.000367950000,   0.00208,
,,,0.000367960000,   0.00208,
,,,0.000367970000,   0.00216,
,,,0.000367980000,   0.00216,
,,,0.000367990000,   0.00216,
,,,0.000368000000,   0.00192,
,,,0.000368010000,   0.00192,
,,,0.000368020000,   0.00200,
,,,0.000368030000,   0.00224,
,,,0.000368040000,   0.00200,
,,,0.000368050000,   0.00232,
,,,0.000368060000,   0.00208,
,,,0.000368070000,   0.00200,
,,,0.000368080000,   0.00224,
,,,0.000368090000,   0.00224,
,,,0.000368100000,   0.00200,
,,,0.000368110000,   0.00192,
,,,0.000368120000,   0.00224,
,,,0.000368130000,   0.00184,
,,,0.000368140000,   0.00168,
,,,0.000368150000,   0.00200,
,,,0.000368160000,   0.00176,
,,,0.000368170000,   0.00248,
,,,0.000368180000,   0.00288,
,,,0.000368190000,   0.00248,
,,,0.000368200000,   0.00224,
,,,0.000368210000,   0.00192,
,,,0.000368220000,   0.00152,
,,,0.000368230000,   0.00144,
,,,0.000368240000,   0.00168,
,,,0.000368250000,   0.00152,
,,,0.000368260000,   0.00184,
,,,0.000368270000,   0.00208,
,,,0.000368280000,   0.00184,
,,,0.000368290000,   0.00160,
,,,0.000368300000,   0.00144,
,,,0.000368310000,   0.00152,
,,,0.000368320000,   0.00144,
,,,0.000368330000,   0.00168,
,,,0.000368340000,   0.00168,
,,,0.000368350000,   0.00192,
,,,0.000368360000,   0.00176,
,,,0.000368370000,   0.00112,
,,,0.000368380000,   0.00080,
,,,0.000368390000,   0.00120,
,,,0.000368400000,   0.00144,
,,,0.000368410000,   0.00176,
,,,0.000368420000,   0.00152,
,,,0.000368430000,   0.00144,
,,,0.000368440000,   0.00176,
,,,0.000368450000,   0.00152,
,,,0.000368460000,   0.00120,
,,,0.000368470000,   0.00128,
,,,0.000368480000,   0.00120,
,,,0.000368490000,   0.00088,
,,,0.000368500000,   0.00104,
,,,0.000368510000,   0.00096,
,,,0.000368520000,   0.00088,
,,,0.000368530000,   0.00168,
,,,0.000368540000,   0.00160,
,,,0.000368550000,   0.00184,
,,,0.000368560000,   0.00152,
,,,0.000368570000,   0.00120,
,,,0.000368580000,   0.00128,
,,,0.000368590000,   0.00128,
,,,0.000368600000,   0.00152,
,,,0.000368610000,   0.00152,
,,,0.000368620000,   0.00128,
,,,0.000368630000,   0.00152,
,,,0.000368640000,   0.00144,
,,,0.000368650000,   0.00112,
,,,0.000368660000,   0.00104,
,,,0.000368670000,   0.00112,
,,,0.000368680000,   0.00104,
,,,0.000368690000,   0.00088,
,,,0.000368700000,   0.00120,
,,,0.000368710000,   0.00088,
,,,0.000368720000,   0.00080,
,,,0.000368730000,   0.00064,
,,,0.000368740000,   0.00072,
,,,0.000368750000,   0.00096,
,,,0.000368760000,   0.00096,
,,,0.000368770000,   0.00104,
,,,0.000368780000,   0.00080,
,,,0.000368790000,   0.00104,
,,,0.000368800000,   0.00096,
,,,0.000368810000,   0.00088,
,,,0.000368820000,   0.00072,
,,,0.000368830000,   0.00152,
,,,0.000368840000,   0.00168,
,,,0.000368850000,   0.00144,
,,,0.000368860000,   0.00112,
,,,0.000368870000,   0.00064,
,,,0.000368880000,   0.00112,
,,,0.000368890000,   0.00128,
,,,0.000368900000,   0.00104,
,,,0.000368910000,   0.00088,
,,,0.000368920000,   0.00120,
,,,0.000368930000,   0.00160,
,,,0.000368940000,   0.00144,
,,,0.000368950000,   0.00096,
,,,0.000368960000,   0.00072,
,,,0.000368970000,   0.00048,
,,,0.000368980000,   0.00080,
,,,0.000368990000,   0.00056,
,,,0.000369000000,   0.00104,
,,,0.000369010000,   0.00152,
,,,0.000369020000,   0.00160,
,,,0.000369030000,   0.00168,
,,,0.000369040000,   0.00144,
,,,0.000369050000,   0.00072,
,,,0.000369060000,   0.00040,
,,,0.000369070000,   0.00040,
,,,0.000369080000,   0.00040,
,,,0.000369090000,   0.00064,
,,,0.000369100000,   0.00104,
,,,0.000369110000,   0.00136,
,,,0.000369120000,   0.00144,
,,,0.000369130000,   0.00152,
,,,0.000369140000,   0.00112,
,,,0.000369150000,   0.00088,
,,,0.000369160000,   0.00056,
,,,0.000369170000,   0.00072,
,,,0.000369180000,   0.00072,
,,,0.000369190000,   0.00136,
,,,0.000369200000,   0.00152,
,,,0.000369210000,   0.00144,
,,,0.000369220000,   0.00104,
,,,0.000369230000,   0.00104,
,,,0.000369240000,   0.00096,
,,,0.000369250000,   0.00032,
,,,0.000369260000,   0.00056,
,,,0.000369270000,   0.00080,
,,,0.000369280000,   0.00128,
,,,0.000369290000,   0.00192,
,,,0.000369300000,   0.00152,
,,,0.000369310000,   0.00128,
,,,0.000369320000,   0.00144,
,,,0.000369330000,   0.00120,
,,,0.000369340000,   0.00088,
,,,0.000369350000,   0.00024,
,,,0.000369360000,   0.00040,
,,,0.000369370000,   0.00072,
,,,0.000369380000,   0.00096,
,,,0.000369390000,   0.00152,
,,,0.000369400000,   0.00128,
,,,0.000369410000,   0.00136,
,,,0.000369420000,   0.00080,
,,,0.000369430000,   0.00080,
,,,0.000369440000,   0.00072,
,,,0.000369450000,   0.00080,
,,,0.000369460000,   0.00096,
,,,0.000369470000,   0.00112,
,,,0.000369480000,   0.00128,
,,,0.000369490000,   0.00128,
,,,0.000369500000,   0.00160,
,,,0.000369510000,   0.00136,
,,,0.000369520000,   0.00160,
,,,0.000369530000,   0.00136,
,,,0.000369540000,   0.00128,
,,,0.000369550000,   0.00096,
,,,0.000369560000,   0.00088,
,,,0.000369570000,   0.00064,
,,,0.000369580000,   0.00128,
,,,0.000369590000,   0.00168,
,,,0.000369600000,   0.00152,
,,,0.000369610000,   0.00192,
,,,0.000369620000,   0.00216,
,,,0.000369630000,   0.00160,
,,,0.000369640000,   0.00120,
,,,0.000369650000,   0.00072,
,,,0.000369660000,   0.00104,
,,,0.000369670000,   0.00112,
,,,0.000369680000,   0.00152,
,,,0.000369690000,   0.00176,
,,,0.000369700000,   0.00192,
,,,0.000369710000,   0.00208,
,,,0.000369720000,   0.00104,
,,,0.000369730000,   0.00144,
,,,0.000369740000,   0.00128,
,,,0.000369750000,   0.00072,
,,,0.000369760000,   0.00104,
,,,0.000369770000,   0.00152,
,,,0.000369780000,   0.00144,
,,,0.000369790000,   0.00152,
,,,0.000369800000,   0.00112,
,,,0.000369810000,   0.00128,
,,,0.000369820000,   0.00088,
,,,0.000369830000,   0.00112,
,,,0.000369840000,   0.00120,
,,,0.000369850000,   0.00096,
,,,0.000369860000,   0.00104,
,,,0.000369870000,   0.00112,
,,,0.000369880000,   0.00144,
,,,0.000369890000,   0.00128,
,,,0.000369900000,   0.00120,
,,,0.000369910000,   0.00112,
,,,0.000369920000,   0.00136,
,,,0.000369930000,   0.00120,
,,,0.000369940000,   0.00096,
,,,0.000369950000,   0.00040,
,,,0.000369960000,   0.00032,
,,,0.000369970000,   0.00064,
,,,0.000369980000,   0.00088,
,,,0.000369990000,   0.00112,
,,,0.000370000000,   0.00120,
,,,0.000370010000,   0.00088,
,,,0.000370020000,   0.00120,
,,,0.000370030000,   0.00144,
,,,0.000370040000,   0.00120,
,,,0.000370050000,   0.00056,
,,,0.000370060000,   0.00056,
,,,0.000370070000,   0.00056,
,,,0.000370080000,   0.00064,
,,,0.000370090000,   0.00080,
,,,0.000370100000,   0.00104,
,,,0.000370110000,   0.00064,
,,,0.000370120000,   0.00096,
,,,0.000370130000,   0.00112,
,,,0.000370140000,   0.00112,
,,,0.000370150000,   0.00032,
,,,0.000370160000,   0.00048,
,,,0.000370170000,   0.00056,
,,,0.000370180000,   0.00080,
,,,0.000370190000,   0.00112,
,,,0.000370200000,   0.00112,
,,,0.000370210000,   0.00104,
,,,0.000370220000,   0.00144,
,,,0.000370230000,   0.00080,
,,,0.000370240000,   0.00048,
,,,0.000370250000,   0.00040,
,,,0.000370260000,   0.00024,
,,,0.000370270000,   0.00056,
,,,0.000370280000,   0.00080,
,,,0.000370290000,   0.00128,
,,,0.000370300000,   0.00160,
,,,0.000370310000,   0.00104,
,,,0.000370320000,   0.00096,
,,,0.000370330000,   0.00024,
,,,0.000370340000,  -0.00032,
,,,0.000370350000,  -0.00024,
,,,0.000370360000,  -0.00008,
,,,0.000370370000,   0.00008,
,,,0.000370380000,   0.00088,
,,,0.000370390000,   0.00112,
,,,0.000370400000,   0.00128,
,,,0.000370410000,   0.00112,
,,,0.000370420000,   0.00096,
,,,0.000370430000,   0.00080,
,,,0.000370440000,   0.00016,
,,,0.000370450000,   0.00000,
,,,0.000370460000,   0.00000,
,,,0.000370470000,   0.00032,
,,,0.000370480000,   0.00072,
,,,0.000370490000,   0.00080,
,,,0.000370500000,   0.00096,
,,,0.000370510000,   0.00072,
,,,0.000370520000,   0.00040,
,,,0.000370530000,   0.00056,
,,,0.000370540000,   0.00064,
,,,0.000370550000,   0.00064,
,,,0.000370560000,   0.00072,
,,,0.000370570000,   0.00072,
,,,0.000370580000,   0.00016,
,,,0.000370590000,   0.00032,
,,,0.000370600000,   0.00048,
,,,0.000370610000,   0.00072,
,,,0.000370620000,   0.00088,
,,,0.000370630000,   0.00128,
,,,0.000370640000,   0.00080,
,,,0.000370650000,   0.00112,
,,,0.000370660000,   0.00064,
,,,0.000370670000,   0.00048,
,,,0.000370680000,   0.00064,
,,,0.000370690000,   0.00080,
,,,0.000370700000,   0.00056,
,,,0.000370710000,   0.00112,
,,,0.000370720000,   0.00128,
,,,0.000370730000,   0.00128,
,,,0.000370740000,   0.00128,
,,,0.000370750000,   0.00080,
,,,0.000370760000,   0.00048,
,,,0.000370770000,  -0.00008,
,,,0.000370780000,   0.00016,
,,,0.000370790000,   0.00080,
,,,0.000370800000,   0.00056,
,,,0.000370810000,   0.00072,
,,,0.000370820000,   0.00112,
,,,0.000370830000,   0.00112,
,,,0.000370840000,   0.00080,
,,,0.000370850000,   0.00096,
,,,0.000370860000,   0.00112,
,,,0.000370870000,   0.00088,
,,,0.000370880000,   0.00056,
,,,0.000370890000,   0.00064,
,,,0.000370900000,   0.00032,
,,,0.000370910000,   0.00072,
,,,0.000370920000,   0.00112,
,,,0.000370930000,   0.00120,
,,,0.000370940000,   0.00144,
,,,0.000370950000,   0.00128,
,,,0.000370960000,   0.00152,
,,,0.000370970000,   0.00128,
,,,0.000370980000,   0.00096,
,,,0.000370990000,   0.00096,
,,,0.000371000000,   0.00096,
,,,0.000371010000,   0.00152,
,,,0.000371020000,   0.00144,
,,,0.000371030000,   0.00144,
,,,0.000371040000,   0.00152,
,,,0.000371050000,   0.00120,
,,,0.000371060000,   0.00144,
,,,0.000371070000,   0.00120,
,,,0.000371080000,   0.00088,
,,,0.000371090000,   0.00168,
,,,0.000371100000,   0.00128,
,,,0.000371110000,   0.00176,
,,,0.000371120000,   0.00136,
,,,0.000371130000,   0.00120,
,,,0.000371140000,   0.00112,
,,,0.000371150000,   0.00120,
,,,0.000371160000,   0.00144,
,,,0.000371170000,   0.00112,
,,,0.000371180000,   0.00048,
,,,0.000371190000,   0.00088,
,,,0.000371200000,   0.00120,
,,,0.000371210000,   0.00168,
,,,0.000371220000,   0.00128,
,,,0.000371230000,   0.00096,
,,,0.000371240000,   0.00080,
,,,0.000371250000,   0.00120,
,,,0.000371260000,   0.00088,
,,,0.000371270000,   0.00112,
,,,0.000371280000,   0.00136,
,,,0.000371290000,   0.00144,
,,,0.000371300000,   0.00136,
,,,0.000371310000,   0.00120,
,,,0.000371320000,   0.00104,
,,,0.000371330000,   0.00088,
,,,0.000371340000,   0.00040,
,,,0.000371350000,   0.00056,
,,,0.000371360000,   0.00064,
,,,0.000371370000,   0.00128,
,,,0.000371380000,   0.00128,
,,,0.000371390000,   0.00160,
,,,0.000371400000,   0.00112,
,,,0.000371410000,   0.00112,
,,,0.000371420000,   0.00136,
,,,0.000371430000,   0.00112,
,,,0.000371440000,   0.00088,
,,,0.000371450000,   0.00096,
,,,0.000371460000,   0.00088,
,,,0.000371470000,   0.00136,
,,,0.000371480000,   0.00112,
,,,0.000371490000,   0.00120,
,,,0.000371500000,   0.00072,
,,,0.000371510000,   0.00048,
,,,0.000371520000,   0.00064,
,,,0.000371530000,   0.00096,
,,,0.000371540000,   0.00128,
,,,0.000371550000,   0.00128,
,,,0.000371560000,   0.00104,
,,,0.000371570000,   0.00120,
,,,0.000371580000,   0.00080,
,,,0.000371590000,   0.00088,
,,,0.000371600000,   0.00120,
,,,0.000371610000,   0.00144,
,,,0.000371620000,   0.00152,
,,,0.000371630000,   0.00072,
,,,0.000371640000,   0.00080,
,,,0.000371650000,   0.00104,
,,,0.000371660000,   0.00128,
,,,0.000371670000,   0.00112,
,,,0.000371680000,   0.00112,
,,,0.000371690000,   0.00152,
,,,0.000371700000,   0.00136,
,,,0.000371710000,   0.00128,
,,,0.000371720000,   0.00112,
,,,0.000371730000,   0.00072,
,,,0.000371740000,   0.00064,
,,,0.000371750000,   0.00072,
,,,0.000371760000,   0.00104,
,,,0.000371770000,   0.00104,
,,,0.000371780000,   0.00096,
,,,0.000371790000,   0.00112,
,,,0.000371800000,   0.00088,
,,,0.000371810000,   0.00120,
,,,0.000371820000,   0.00112,
,,,0.000371830000,   0.00120,
,,,0.000371840000,   0.00096,
,,,0.000371850000,   0.00128,
,,,0.000371860000,   0.00152,
,,,0.000371870000,   0.00128,
,,,0.000371880000,   0.00096,
,,,0.000371890000,   0.00072,
,,,0.000371900000,   0.00064,
,,,0.000371910000,   0.00088,
,,,0.000371920000,   0.00072,
,,,0.000371930000,   0.00072,
,,,0.000371940000,   0.00088,
,,,0.000371950000,   0.00104,
,,,0.000371960000,   0.00088,
,,,0.000371970000,   0.00144,
,,,0.000371980000,   0.00136,
,,,0.000371990000,   0.00112,
,,,0.000372000000,   0.00104,
,,,0.000372010000,   0.00136,
,,,0.000372020000,   0.00128,
,,,0.000372030000,   0.00112,
,,,0.000372040000,   0.00112,
,,,0.000372050000,   0.00072,
,,,0.000372060000,   0.00072,
,,,0.000372070000,   0.00128,
,,,0.000372080000,   0.00160,
,,,0.000372090000,   0.00128,
,,,0.000372100000,   0.00096,
,,,0.000372110000,   0.00104,
,,,0.000372120000,   0.00056,
,,,0.000372130000,   0.00032,
,,,0.000372140000,   0.00040,
,,,0.000372150000,   0.00088,
,,,0.000372160000,   0.00112,
,,,0.000372170000,   0.00112,
,,,0.000372180000,   0.00088,
,,,0.000372190000,   0.00112,
,,,0.000372200000,   0.00104,
,,,0.000372210000,   0.00064,
,,,0.000372220000,   0.00088,
,,,0.000372230000,   0.00096,
,,,0.000372240000,   0.00112,
,,,0.000372250000,   0.00096,
,,,0.000372260000,   0.00144,
,,,0.000372270000,   0.00168,
,,,0.000372280000,   0.00128,
,,,0.000372290000,   0.00136,
,,,0.000372300000,   0.00096,
,,,0.000372310000,   0.00048,
,,,0.000372320000,   0.00048,
,,,0.000372330000,   0.00064,
,,,0.000372340000,   0.00088,
,,,0.000372350000,   0.00088,
,,,0.000372360000,   0.00096,
,,,0.000372370000,   0.00096,
,,,0.000372380000,   0.00104,
,,,0.000372390000,   0.00088,
,,,0.000372400000,   0.00112,
,,,0.000372410000,   0.00104,
,,,0.000372420000,   0.00104,
,,,0.000372430000,   0.00120,
,,,0.000372440000,   0.00080,
,,,0.000372450000,   0.00088,
,,,0.000372460000,   0.00096,
,,,0.000372470000,   0.00072,
,,,0.000372480000,   0.00064,
,,,0.000372490000,   0.00048,
,,,0.000372500000,   0.00080,
,,,0.000372510000,   0.00096,
,,,0.000372520000,   0.00088,
,,,0.000372530000,   0.00048,
,,,0.000372540000,   0.00064,
,,,0.000372550000,   0.00072,
,,,0.000372560000,   0.00072,
,,,0.000372570000,   0.00032,
,,,0.000372580000,   0.00056,
,,,0.000372590000,   0.00072,
,,,0.000372600000,   0.00112,
,,,0.000372610000,   0.00080,
,,,0.000372620000,   0.00072,
,,,0.000372630000,   0.00056,
,,,0.000372640000,   0.00072,
,,,0.000372650000,   0.00120,
,,,0.000372660000,   0.00096,
,,,0.000372670000,   0.00016,
,,,0.000372680000,   0.00016,
,,,0.000372690000,   0.00040,
,,,0.000372700000,   0.00040,
,,,0.000372710000,   0.00040,
,,,0.000372720000,   0.00032,
,,,0.000372730000,   0.00024,
,,,0.000372740000,   0.00048,
,,,0.000372750000,   0.00080,
,,,0.000372760000,   0.00128,
,,,0.000372770000,   0.00136,
,,,0.000372780000,   0.00104,
,,,0.000372790000,   0.00040,
,,,0.000372800000,   0.00048,
,,,0.000372810000,   0.00024,
,,,0.000372820000,   0.00040,
,,,0.000372830000,   0.00072,
,,,0.000372840000,   0.00064,
,,,0.000372850000,   0.00088,
,,,0.000372860000,   0.00072,
,,,0.000372870000,   0.00088,
,,,0.000372880000,   0.00032,
,,,0.000372890000,   0.00064,
,,,0.000372900000,   0.00048,
,,,0.000372910000,   0.00088,
,,,0.000372920000,   0.00048,
,,,0.000372930000,   0.00096,
,,,0.000372940000,   0.00120,
,,,0.000372950000,   0.00040,
,,,0.000372960000,   0.00048,
,,,0.000372970000,   0.00072,
,,,0.000372980000,   0.00064,
,,,0.000372990000,   0.00048,
,,,0.000373000000,   0.00080,
,,,0.000373010000,   0.00064,
,,,0.000373020000,   0.00080,
,,,0.000373030000,   0.00072,
,,,0.000373040000,   0.00072,
,,,0.000373050000,   0.00072,
,,,0.000373060000,   0.00088,
,,,0.000373070000,   0.00104,
,,,0.000373080000,   0.00056,
,,,0.000373090000,  -0.00008,
,,,0.000373100000,   0.00032,
,,,0.000373110000,  -0.00008,
,,,0.000373120000,   0.00040,
,,,0.000373130000,   0.00040,
,,,0.000373140000,   0.00056,
,,,0.000373150000,   0.00072,
,,,0.000373160000,   0.00080,
,,,0.000373170000,   0.00056,
,,,0.000373180000,   0.00040,
,,,0.000373190000,   0.00016,
,,,0.000373200000,  -0.00008,
,,,0.000373210000,   0.00032,
,,,0.000373220000,   0.00096,
,,,0.000373230000,   0.00136,
,,,0.000373240000,   0.00104,
,,,0.000373250000,   0.00080,
,,,0.000373260000,   0.00056,
,,,0.000373270000,   0.00040,
,,,0.000373280000,   0.00048,
,,,0.000373290000,   0.00096,
,,,0.000373300000,   0.00072,
,,,0.000373310000,   0.00112,
,,,0.000373320000,   0.00080,
,,,0.000373330000,   0.00048,
,,,0.000373340000,   0.00016,
,,,0.000373350000,   0.00008,
,,,0.000373360000,   0.00048,
,,,0.000373370000,   0.00064,
,,,0.000373380000,   0.00080,
,,,0.000373390000,   0.00096,
,,,0.000373400000,   0.00088,
,,,0.000373410000,   0.00056,
,,,0.000373420000,   0.00032,
,,,0.000373430000,   0.00024,
,,,0.000373440000,   0.00088,
,,,0.000373450000,   0.00120,
,,,0.000373460000,   0.00104,
,,,0.000373470000,   0.00104,
,,,0.000373480000,   0.00064,
,,,0.000373490000,   0.00048,
,,,0.000373500000,   0.00064,
,,,0.000373510000,   0.00080,
,,,0.000373520000,   0.00080,
,,,0.000373530000,   0.00080,
,,,0.000373540000,   0.00096,
,,,0.000373550000,   0.00072,
,,,0.000373560000,   0.00048,
,,,0.000373570000,   0.00056,
,,,0.000373580000,   0.00096,
,,,0.000373590000,   0.00112,
,,,0.000373600000,   0.00072,
,,,0.000373610000,   0.00040,
,,,0.000373620000,   0.00040,
,,,0.000373630000,   0.00032,
,,,0.000373640000,   0.00040,
,,,0.000373650000,   0.00024,
,,,0.000373660000,   0.00064,
,,,0.000373670000,   0.00072,
,,,0.000373680000,   0.00048,
,,,0.000373690000,   0.00072,
,,,0.000373700000,   0.00088,
,,,0.000373710000,   0.00064,
,,,0.000373720000,   0.00072,
,,,0.000373730000,   0.00080,
,,,0.000373740000,   0.00056,
,,,0.000373750000,   0.00040,
,,,0.000373760000,   0.00072,
,,,0.000373770000,   0.00072,
,,,0.000373780000,   0.00024,
,,,0.000373790000,   0.00040,
,,,0.000373800000,   0.00056,
,,,0.000373810000,   0.00080,
,,,0.000373820000,   0.00072,
,,,0.000373830000,   0.00112,
,,,0.000373840000,   0.00032,
,,,0.000373850000,   0.00024,
,,,0.000373860000,   0.00072,
,,,0.000373870000,   0.00040,
,,,0.000373880000,   0.00040,
,,,0.000373890000,   0.00048,
,,,0.000373900000,   0.00032,
,,,0.000373910000,   0.00016,
,,,0.000373920000,   0.00000,
,,,0.000373930000,   0.00064,
,,,0.000373940000,   0.00032,
,,,0.000373950000,   0.00048,
,,,0.000373960000,   0.00072,
,,,0.000373970000,   0.00056,
,,,0.000373980000,   0.00056,
,,,0.000373990000,   0.00056,
,,,0.000374000000,   0.00088,
,,,0.000374010000,   0.00040,
,,,0.000374020000,   0.00056,
,,,0.000374030000,   0.00040,
,,,0.000374040000,   0.00008,
,,,0.000374050000,  -0.00008,
,,,0.000374060000,   0.00048,
,,,0.000374070000,   0.00088,
,,,0.000374080000,   0.00088,
,,,0.000374090000,   0.00080,
,,,0.000374100000,   0.00064,
,,,0.000374110000,   0.00064,
,,,0.000374120000,   0.00056,
,,,0.000374130000,   0.00040,
,,,0.000374140000,   0.00008,
,,,0.000374150000,   0.00032,
,,,0.000374160000,   0.00040,
,,,0.000374170000,   0.00072,
,,,0.000374180000,   0.00072,
,,,0.000374190000,   0.00088,
,,,0.000374200000,   0.00048,
,,,0.000374210000,   0.00064,
,,,0.000374220000,   0.00040,
,,,0.000374230000,   0.00056,
,,,0.000374240000,   0.00064,
,,,0.000374250000,   0.00064,
,,,0.000374260000,   0.00032,
,,,0.000374270000,   0.00064,
,,,0.000374280000,   0.00064,
,,,0.000374290000,   0.00064,
,,,0.000374300000,   0.00080,
,,,0.000374310000,   0.00032,
,,,0.000374320000,   0.00048,
,,,0.000374330000,   0.00016,
,,,0.000374340000,   0.00072,
,,,0.000374350000,   0.00088,
,,,0.000374360000,   0.00008,
,,,0.000374370000,   0.00024,
,,,0.000374380000,   0.00056,
,,,0.000374390000,   0.00096,
,,,0.000374400000,   0.00064,
,,,0.000374410000,   0.00048,
,,,0.000374420000,   0.00048,
,,,0.000374430000,   0.00008,
,,,0.000374440000,   0.00000,
,,,0.000374450000,   0.00048,
,,,0.000374460000,   0.00072,
,,,0.000374470000,   0.00104,
,,,0.000374480000,   0.00096,
,,,0.000374490000,   0.00072,
,,,0.000374500000,   0.00064,
,,,0.000374510000,   0.00056,
,,,0.000374520000,   0.00024,
,,,0.000374530000,   0.00040,
,,,0.000374540000,   0.00064,
,,,0.000374550000,   0.00016,
,,,0.000374560000,   0.00040,
,,,0.000374570000,   0.00056,
,,,0.000374580000,   0.00048,
,,,0.000374590000,   0.00064,
,,,0.000374600000,   0.00048,
,,,0.000374610000,   0.00136,
,,,0.000374620000,   0.00136,
,,,0.000374630000,   0.00136,
,,,0.000374640000,   0.00096,
,,,0.000374650000,   0.00000,
,,,0.000374660000,  -0.00040,
,,,0.000374670000,  -0.00064,
,,,0.000374680000,  -0.00088,
,,,0.000374690000,  -0.00048,
,,,0.000374700000,   0.00040,
,,,0.000374710000,   0.00072,
,,,0.000374720000,   0.00128,
,,,0.000374730000,   0.00112,
,,,0.000374740000,   0.00072,
,,,0.000374750000,   0.00048,
,,,0.000374760000,  -0.00032,
,,,0.000374770000,  -0.00024,
,,,0.000374780000,  -0.00016,
,,,0.000374790000,   0.00016,
,,,0.000374800000,   0.00088,
,,,0.000374810000,   0.00104,
,,,0.000374820000,   0.00120,
,,,0.000374830000,   0.00112,
,,,0.000374840000,   0.00048,
,,,0.000374850000,  -0.00008,
,,,0.000374860000,  -0.00008,
,,,0.000374870000,   0.00008,
,,,0.000374880000,   0.00024,
,,,0.000374890000,   0.00064,
,,,0.000374900000,   0.00112,
,,,0.000374910000,   0.00112,
,,,0.000374920000,   0.00120,
,,,0.000374930000,   0.00040,
,,,0.000374940000,  -0.00008,
,,,0.000374950000,  -0.00024,
,,,0.000374960000,  -0.00032,
,,,0.000374970000,  -0.00008,
,,,0.000374980000,   0.00064,
,,,0.000374990000,   0.00064,
,,,0.000375000000,   0.00088,
,,,0.000375010000,   0.00088,
,,,0.000375020000,   0.00072,
,,,0.000375030000,   0.00064,
,,,0.000375040000,   0.00024,
,,,0.000375050000,   0.00056,
,,,0.000375060000,   0.00056,
,,,0.000375070000,   0.00064,
,,,0.000375080000,   0.00080,
,,,0.000375090000,   0.00064,
,,,0.000375100000,   0.00032,
,,,0.000375110000,   0.00024,
,,,0.000375120000,   0.00040,
,,,0.000375130000,   0.00024,
,,,0.000375140000,   0.00032,
,,,0.000375150000,   0.00064,
,,,0.000375160000,   0.00072,
,,,0.000375170000,   0.00072,
,,,0.000375180000,   0.00056,
,,,0.000375190000,   0.00080,
,,,0.000375200000,   0.00064,
,,,0.000375210000,   0.00072,
,,,0.000375220000,   0.00088,
,,,0.000375230000,   0.00104,
,,,0.000375240000,   0.00120,
,,,0.000375250000,   0.00040,
,,,0.000375260000,   0.00048,
,,,0.000375270000,   0.00072,
,,,0.000375280000,   0.00080,
,,,0.000375290000,   0.00080,
,,,0.000375300000,   0.00120,
,,,0.000375310000,   0.00096,
,,,0.000375320000,   0.00104,
,,,0.000375330000,   0.00120,
,,,0.000375340000,   0.00096,
,,,0.000375350000,   0.00096,
,,,0.000375360000,   0.00088,
,,,0.000375370000,   0.00096,
,,,0.000375380000,   0.00064,
,,,0.000375390000,   0.00080,
,,,0.000375400000,   0.00112,
,,,0.000375410000,   0.00088,
,,,0.000375420000,   0.00040,
,,,0.000375430000,   0.00072,
,,,0.000375440000,   0.00096,
,,,0.000375450000,   0.00096,
,,,0.000375460000,   0.00080,
,,,0.000375470000,   0.00080,
,,,0.000375480000,   0.00088,
,,,0.000375490000,   0.00120,
,,,0.000375500000,   0.00136,
,,,0.000375510000,   0.00112,
,,,0.000375520000,   0.00088,
,,,0.000375530000,   0.00064,
,,,0.000375540000,   0.00032,
,,,0.000375550000,   0.00016,
,,,0.000375560000,   0.00024,
,,,0.000375570000,   0.00048,
,,,0.000375580000,   0.00072,
,,,0.000375590000,   0.00072,
,,,0.000375600000,   0.00072,
,,,0.000375610000,   0.00040,
,,,0.000375620000,   0.00064,
,,,0.000375630000,   0.00088,
,,,0.000375640000,   0.00056,
,,,0.000375650000,   0.00056,
,,,0.000375660000,   0.00096,
,,,0.000375670000,   0.00040,
,,,0.000375680000,   0.00088,
,,,0.000375690000,   0.00096,
,,,0.000375700000,   0.00104,
,,,0.000375710000,   0.00104,
,,,0.000375720000,   0.00080,
,,,0.000375730000,   0.00064,
,,,0.000375740000,   0.00024,
,,,0.000375750000,   0.00048,
,,,0.000375760000,   0.00072,
,,,0.000375770000,   0.00112,
,,,0.000375780000,   0.00136,
,,,0.000375790000,   0.00144,
,,,0.000375800000,   0.00064,
,,,0.000375810000,   0.00080,
,,,0.000375820000,   0.00056,
,,,0.000375830000,   0.00048,
,,,0.000375840000,   0.00024,
,,,0.000375850000,   0.00080,
,,,0.000375860000,   0.00080,
,,,0.000375870000,   0.00056,
,,,0.000375880000,   0.00096,
,,,0.000375890000,   0.00048,
,,,0.000375900000,   0.00048,
,,,0.000375910000,   0.00088,
,,,0.000375920000,   0.00056,
,,,0.000375930000,   0.00072,
,,,0.000375940000,   0.00072,
,,,0.000375950000,   0.00096,
,,,0.000375960000,   0.00112,
,,,0.000375970000,   0.00152,
,,,0.000375980000,   0.00128,
,,,0.000375990000,   0.00088,
,,,0.000376000000,   0.00056,
,,,0.000376010000,   0.00040,
,,,0.000376020000,  -0.00016,
,,,0.000376030000,   0.00032,
,,,0.000376040000,   0.00088,
,,,0.000376050000,   0.00120,
,,,0.000376060000,   0.00112,
,,,0.000376070000,   0.00128,
,,,0.000376080000,   0.00072,
,,,0.000376090000,   0.00048,
,,,0.000376100000,   0.00048,
,,,0.000376110000,   0.00040,
,,,0.000376120000,   0.00096,
,,,0.000376130000,   0.00104,
,,,0.000376140000,   0.00088,
,,,0.000376150000,   0.00104,
,,,0.000376160000,   0.00112,
,,,0.000376170000,   0.00112,
,,,0.000376180000,   0.00080,
,,,0.000376190000,   0.00120,
,,,0.000376200000,   0.00096,
,,,0.000376210000,   0.00080,
,,,0.000376220000,   0.00104,
,,,0.000376230000,   0.00104,
,,,0.000376240000,   0.00112,
,,,0.000376250000,   0.00104,
,,,0.000376260000,   0.00080,
,,,0.000376270000,   0.00056,
,,,0.000376280000,   0.00048,
,,,0.000376290000,   0.00040,
,,,0.000376300000,   0.00064,
,,,0.000376310000,   0.00096,
,,,0.000376320000,   0.00096,
,,,0.000376330000,   0.00088,
,,,0.000376340000,   0.00096,
,,,0.000376350000,   0.00064,
,,,0.000376360000,   0.00088,
,,,0.000376370000,   0.00072,
,,,0.000376380000,   0.00024,
,,,0.000376390000,   0.00040,
,,,0.000376400000,   0.00056,
,,,0.000376410000,   0.00056,
,,,0.000376420000,   0.00120,
,,,0.000376430000,   0.00080,
,,,0.000376440000,   0.00080,
,,,0.000376450000,   0.00064,
,,,0.000376460000,   0.00072,
,,,0.000376470000,   0.00040,
,,,0.000376480000,   0.00088,
,,,0.000376490000,   0.00128,
,,,0.000376500000,   0.00112,
,,,0.000376510000,   0.00120,
,,,0.000376520000,   0.00096,
,,,0.000376530000,   0.00048,
,,,0.000376540000,   0.00056,
,,,0.000376550000,   0.00072,
,,,0.000376560000,   0.00152,
,,,0.000376570000,   0.00128,
,,,0.000376580000,   0.00112,
,,,0.000376590000,   0.00088,
,,,0.000376600000,   0.00096,
,,,0.000376610000,   0.00056,
,,,0.000376620000,   0.00064,
,,,0.000376630000,   0.00064,
,,,0.000376640000,   0.00128,
,,,0.000376650000,   0.00160,
,,,0.000376660000,   0.00152,
,,,0.000376670000,   0.00176,
,,,0.000376680000,   0.00160,
,,,0.000376690000,   0.00120,
,,,0.000376700000,   0.00040,
,,,0.000376710000,   0.00024,
,,,0.000376720000,   0.00032,
,,,0.000376730000,   0.00104,
,,,0.000376740000,   0.00168,
,,,0.000376750000,   0.00168,
,,,0.000376760000,   0.00120,
,,,0.000376770000,   0.00136,
,,,0.000376780000,   0.00112,
,,,0.000376790000,   0.00088,
,,,0.000376800000,   0.00128,
,,,0.000376810000,   0.00112,
,,,0.000376820000,   0.00112,
,,,0.000376830000,   0.00136,
,,,0.000376840000,   0.00128,
,,,0.000376850000,   0.00152,
,,,0.000376860000,   0.00216,
,,,0.000376870000,   0.00168,
,,,0.000376880000,   0.00152,
,,,0.000376890000,   0.00128,
,,,0.000376900000,   0.00128,
,,,0.000376910000,   0.00128,
,,,0.000376920000,   0.00144,
,,,0.000376930000,   0.00152,
,,,0.000376940000,   0.00136,
,,,0.000376950000,   0.00136,
,,,0.000376960000,   0.00144,
,,,0.000376970000,   0.00112,
,,,0.000376980000,   0.00120,
,,,0.000376990000,   0.00120,
,,,0.000377000000,   0.00096,
,,,0.000377010000,   0.00128,
,,,0.000377020000,   0.00168,
,,,0.000377030000,   0.00144,
,,,0.000377040000,   0.00120,
,,,0.000377050000,   0.00160,
,,,0.000377060000,   0.00160,
,,,0.000377070000,   0.00088,
,,,0.000377080000,   0.00088,
,,,0.000377090000,   0.00072,
,,,0.000377100000,   0.00096,
,,,0.000377110000,   0.00096,
,,,0.000377120000,   0.00096,
,,,0.000377130000,   0.00080,
,,,0.000377140000,   0.00088,
,,,0.000377150000,   0.00096,
,,,0.000377160000,   0.00080,
,,,0.000377170000,   0.00112,
,,,0.000377180000,   0.00144,
,,,0.000377190000,   0.00080,
,,,0.000377200000,   0.00104,
,,,0.000377210000,   0.00064,
,,,0.000377220000,   0.00088,
,,,0.000377230000,   0.00064,
,,,0.000377240000,   0.00088,
,,,0.000377250000,   0.00096,
,,,0.000377260000,   0.00120,
,,,0.000377270000,   0.00104,
,,,0.000377280000,   0.00048,
,,,0.000377290000,   0.00064,
,,,0.000377300000,   0.00072,
,,,0.000377310000,   0.00096,
,,,0.000377320000,   0.00088,
,,,0.000377330000,   0.00128,
,,,0.000377340000,   0.00128,
,,,0.000377350000,   0.00120,
,,,0.000377360000,   0.00152,
,,,0.000377370000,   0.00088,
,,,0.000377380000,   0.00096,
,,,0.000377390000,   0.00128,
,,,0.000377400000,   0.00144,
,,,0.000377410000,   0.00120,
,,,0.000377420000,   0.00104,
,,,0.000377430000,   0.00120,
,,,0.000377440000,   0.00144,
,,,0.000377450000,   0.00104,
,,,0.000377460000,   0.00088,
,,,0.000377470000,   0.00064,
,,,0.000377480000,   0.00080,
,,,0.000377490000,   0.00088,
,,,0.000377500000,   0.00136,
,,,0.000377510000,   0.00168,
,,,0.000377520000,   0.00104,
,,,0.000377530000,   0.00088,
,,,0.000377540000,   0.00104,
,,,0.000377550000,   0.00096,
,,,0.000377560000,   0.00096,
,,,0.000377570000,   0.00112,
,,,0.000377580000,   0.00144,
,,,0.000377590000,   0.00136,
,,,0.000377600000,   0.00152,
,,,0.000377610000,   0.00120,
,,,0.000377620000,   0.00056,
,,,0.000377630000,   0.00064,
,,,0.000377640000,   0.00072,
,,,0.000377650000,   0.00088,
,,,0.000377660000,   0.00152,
,,,0.000377670000,   0.00136,
,,,0.000377680000,   0.00096,
,,,0.000377690000,   0.00088,
,,,0.000377700000,   0.00080,
,,,0.000377710000,   0.00104,
,,,0.000377720000,   0.00096,
,,,0.000377730000,   0.00080,
,,,0.000377740000,   0.00064,
,,,0.000377750000,   0.00088,
,,,0.000377760000,   0.00120,
,,,0.000377770000,   0.00120,
,,,0.000377780000,   0.00104,
,,,0.000377790000,   0.00064,
,,,0.000377800000,   0.00056,
,,,0.000377810000,   0.00040,
,,,0.000377820000,   0.00024,
,,,0.000377830000,   0.00112,
,,,0.000377840000,   0.00160,
,,,0.000377850000,   0.00128,
,,,0.000377860000,   0.00096,
,,,0.000377870000,   0.00112,
,,,0.000377880000,   0.00064,
,,,0.000377890000,   0.00056,
,,,0.000377900000,   0.00064,
,,,0.000377910000,   0.00072,
,,,0.000377920000,   0.00072,
,,,0.000377930000,   0.00080,
,,,0.000377940000,   0.00072,
,,,0.000377950000,   0.00096,
,,,0.000377960000,   0.00128,
,,,0.000377970000,   0.00104,
,,,0.000377980000,   0.00112,
,,,0.000377990000,   0.00056,
,,,0.000378000000,   0.00064,
,,,0.000378010000,   0.00080,
,,,0.000378020000,   0.00080,
,,,0.000378030000,   0.00056,
,,,0.000378040000,   0.00024,
,,,0.000378050000,   0.00048,
,,,0.000378060000,   0.00064,
,,,0.000378070000,   0.00064,
,,,0.000378080000,   0.00048,
,,,0.000378090000,   0.00096,
,,,0.000378100000,   0.00128,
,,,0.000378110000,   0.00112,
,,,0.000378120000,   0.00064,
,,,0.000378130000,   0.00056,
,,,0.000378140000,   0.00080,
,,,0.000378150000,   0.00056,
,,,0.000378160000,   0.00048,
,,,0.000378170000,   0.00112,
,,,0.000378180000,   0.00088,
,,,0.000378190000,   0.00072,
,,,0.000378200000,   0.00072,
,,,0.000378210000,   0.00096,
,,,0.000378220000,   0.00144,
,,,0.000378230000,   0.00104,
,,,0.000378240000,   0.00096,
,,,0.000378250000,   0.00080,
,,,0.000378260000,   0.00032,
,,,0.000378270000,   0.00072,
,,,0.000378280000,   0.00056,
,,,0.000378290000,   0.00040,
,,,0.000378300000,   0.00056,
,,,0.000378310000,   0.00064,
,,,0.000378320000,   0.00096,
,,,0.000378330000,   0.00096,
,,,0.000378340000,   0.00088,
,,,0.000378350000,   0.00072,
,,,0.000378360000,   0.00048,
,,,0.000378370000,   0.00032,
,,,0.000378380000,   0.00064,
,,,0.000378390000,   0.00104,
,,,0.000378400000,   0.00096,
,,,0.000378410000,   0.00096,
,,,0.000378420000,   0.00072,
,,,0.000378430000,   0.00104,
,,,0.000378440000,   0.00080,
,,,0.000378450000,   0.00064,
,,,0.000378460000,   0.00064,
,,,0.000378470000,   0.00040,
,,,0.000378480000,   0.00040,
,,,0.000378490000,   0.00088,
