Time,CH A,
0.E+0,-3.212E-2,
2.50125E-8,7.88E-3,
5.0025E-8,-3.212E-2,
7.50375E-8,2.788E-2,
1.0005E-7,-3.212E-2,
1.25063E-7,7.88E-3,
1.50075E-7,-3.212E-2,
1.75088E-7,7.88E-3,
2.001E-7,-3.212E-2,
2.25113E-7,7.88E-3,
2.50125E-7,-3.212E-2,
2.75138E-7,7.88E-3,
3.0015E-7,-3.212E-2,
3.25163E-7,2.788E-2,
3.50175E-7,-3.212E-2,
3.75188E-7,2.788E-2,
4.002E-7,-3.212E-2,
4.25213E-7,7.88E-3,
4.50225E-7,-3.212E-2,
4.75238E-7,7.88E-3,
5.0025E-7,-1.212E-2,
5.25263E-7,2.788E-2,
5.50275E-7,-3.212E-2,
5.75288E-7,7.88E-3,
6.003E-7,-3.212E-2,
6.25313E-7,7.88E-3,
6.50325E-7,-3.212E-2,
6.75338E-7,2.788E-2,
7.0035E-7,-3.212E-2,
7.25363E-7,7.88E-3,
7.50375E-7,-3.212E-2,
7.75388E-7,2.788E-2,
8.004E-7,-3.212E-2,
8.25413E-7,2.788E-2,
8.50425E-7,-3.212E-2,
8.75438E-7,2.788E-2,
9.0045E-7,-1.212E-2,
9.25463E-7,2.788E-2,
9.50475E-7,-3.212E-2,
9.75488E-7,2.788E-2,
1.0005E-6,-3.212E-2,
1.02551E-6,7.88E-3,
1.05053E-6,-3.212E-2,
1.07554E-6,7.88E-3,
1.10055E-6,-3.212E-2,
1.12556E-6,2.788E-2,
1.15058E-6,-3.212E-2,
1.17559E-6,7.88E-3,
1.2006E-6,-3.212E-2,
1.22561E-6,7.88E-3,
1.25063E-6,-3.212E-2,
1.27564E-6,7.88E-3,
1.30065E-6,-3.212E-2,
1.32566E-6,2.788E-2,
1.35068E-6,-3.212E-2,
1.37569E-6,2.788E-2,
1.4007E-6,-3.212E-2,
1.42571E-6,2.788E-2,
1.45073E-6,-3.212E-2,
1.47574E-6,2.788E-2,
1.50075E-6,-1.212E-2,
1.52576E-6,7.88E-3,
1.55078E-6,-3.212E-2,
1.57579E-6,7.88E-3,
1.6008E-6,-3.212E-2,
1.62581E-6,2.788E-2,
1.65083E-6,-3.212E-2,
1.67584E-6,7.88E-3,
1.70085E-6,-1.212E-2,
1.72586E-6,2.788E-2,
1.75088E-6,-3.212E-2,
1.77589E-6,2.788E-2,
1.8009E-6,-3.212E-2,
1.82591E-6,2.788E-2,
1.85093E-6,-3.212E-2,
1.87594E-6,7.88E-3,
1.90095E-6,-3.212E-2,
1.92596E-6,7.88E-3,
1.95098E-6,-3.212E-2,
1.97599E-6,2.788E-2,
2.001E-6,-3.212E-2,
2.02601E-6,7.88E-3,
2.05103E-6,-3.212E-2,
2.07604E-6,2.788E-2,
2.10105E-6,-3.212E-2,
2.12606E-6,7.88E-3,
2.15108E-6,-3.212E-2,
2.17609E-6,7.88E-3,
2.2011E-6,-3.212E-2,
2.22611E-6,7.88E-3,
2.25113E-6,-3.212E-2,
2.27614E-6,7.88E-3,
2.30115E-6,-3.212E-2,
2.32616E-6,2.788E-2,
2.35118E-6,-1.212E-2,
2.37619E-6,7.88E-3,
2.4012E-6,-3.212E-2,
2.42621E-6,2.788E-2,
2.45123E-6,-1.212E-2,
2.47624E-6,2.788E-2,
2.50125E-6,-3.212E-2,
2.52626E-6,7.88E-3,
2.55128E-6,-3.212E-2,
2.57629E-6,2.788E-2,
2.6013E-6,-3.212E-2,
2.62631E-6,7.88E-3,
2.65133E-6,-3.212E-2,
2.67634E-6,7.88E-3,
2.70135E-6,-3.212E-2,
2.72636E-6,7.88E-3,
2.75138E-6,-3.212E-2,
2.77639E-6,7.88E-3,
2.8014E-6,-3.212E-2,
2.82641E-6,7.88E-3,
2.85143E-6,-3.212E-2,
2.87644E-6,2.788E-2,
2.90145E-6,-3.212E-2,
2.92646E-6,2.788E-2,
2.95148E-6,-3.212E-2,
2.97649E-6,2.788E-2,
3.0015E-6,-3.212E-2,
3.02651E-6,7.88E-3,
3.05153E-6,-3.212E-2,
3.07654E-6,7.88E-3,
3.10155E-6,-3.212E-2,
3.12656E-6,7.88E-3,
3.15158E-6,-3.212E-2,
3.17659E-6,2.788E-2,
3.2016E-6,-3.212E-2,
3.22661E-6,2.788E-2,
3.25163E-6,-3.212E-2,
3.27664E-6,2.788E-2,
3.30165E-6,-3.212E-2,
3.32666E-6,2.788E-2,
3.35168E-6,-3.212E-2,
3.37669E-6,7.88E-3,
3.4017E-6,-3.212E-2,
3.42671E-6,7.88E-3,
3.45173E-6,-3.212E-2,
3.47674E-6,2.788E-2,
3.50175E-6,-3.212E-2,
3.52676E-6,7.88E-3,
3.55178E-6,-3.212E-2,
3.57679E-6,7.88E-3,
3.6018E-6,-3.212E-2,
3.62681E-6,4.788E-2,
3.65183E-6,-3.212E-2,
3.67684E-6,2.788E-2,
3.70185E-6,-3.212E-2,
3.72686E-6,2.788E-2,
3.75188E-6,-3.212E-2,
3.77689E-6,2.788E-2,
3.8019E-6,-3.212E-2,
3.82691E-6,7.88E-3,
3.85193E-6,-3.212E-2,
3.87694E-6,2.788E-2,
3.90195E-6,-3.212E-2,
3.92696E-6,7.88E-3,
3.95198E-6,-3.212E-2,
3.97699E-6,7.88E-3,
4.002E-6,-3.212E-2,
4.02701E-6,7.88E-3,
4.05203E-6,-3.212E-2,
4.07704E-6,2.788E-2,
4.10205E-6,-3.212E-2,
4.12706E-6,2.788E-2,
4.15208E-6,-3.212E-2,
4.17709E-6,7.88E-3,
4.2021E-6,-3.212E-2,
4.22711E-6,7.88E-3,
4.25213E-6,-3.212E-2,
4.27714E-6,7.88E-3,
4.30215E-6,-1.212E-2,
4.32716E-6,7.88E-3,
4.35218E-6,-3.212E-2,
4.37719E-6,2.788E-2,
4.4022E-6,-3.212E-2,
4.42721E-6,7.88E-3,
4.45223E-6,-1.212E-2,
4.47724E-6,7.88E-3,
4.50225E-6,-3.212E-2,
4.52726E-6,2.788E-2,
4.55228E-6,-3.212E-2,
4.57729E-6,7.88E-3,
4.6023E-6,-1.212E-2,
4.62731E-6,7.88E-3,
4.65233E-6,-3.212E-2,
4.67734E-6,7.88E-3,
4.70235E-6,-3.212E-2,
4.72736E-6,7.88E-3,
4.75238E-6,-3.212E-2,
4.77739E-6,2.788E-2,
4.8024E-6,-3.212E-2,
4.82741E-6,2.788E-2,
4.85243E-6,-3.212E-2,
4.87744E-6,2.788E-2,
4.90245E-6,-3.212E-2,
4.92746E-6,2.788E-2,
4.95248E-6,-3.212E-2,
4.97749E-6,2.788E-2,
5.0025E-6,-3.212E-2,
5.02751E-6,2.788E-2,
5.05253E-6,-3.212E-2,
5.07754E-6,2.788E-2,
5.10255E-6,-3.212E-2,
5.12756E-6,7.88E-3,
5.15258E-6,-3.212E-2,
5.17759E-6,7.88E-3,
5.2026E-6,-3.212E-2,
5.22761E-6,2.788E-2,
5.25263E-6,-3.212E-2,
5.27764E-6,2.788E-2,
5.30265E-6,-3.212E-2,
5.32766E-6,2.788E-2,
5.35268E-6,-3.212E-2,
5.37769E-6,7.88E-3,
5.4027E-6,-3.212E-2,
5.42771E-6,7.88E-3,
5.45273E-6,-3.212E-2,
5.47774E-6,2.788E-2,
5.50275E-6,-1.212E-2,
5.52776E-6,7.88E-3,
5.55278E-6,-3.212E-2,
5.57779E-6,7.88E-3,
5.6028E-6,-1.212E-2,
5.62781E-6,2.788E-2,
5.65283E-6,-1.212E-2,
5.67784E-6,2.788E-2,
5.70285E-6,-3.212E-2,
5.72786E-6,2.788E-2,
5.75288E-6,-3.212E-2,
5.77789E-6,2.788E-2,
5.8029E-6,-3.212E-2,
5.82791E-6,2.788E-2,
5.85293E-6,-3.212E-2,
5.87794E-6,7.88E-3,
5.90295E-6,-3.212E-2,
5.92796E-6,2.788E-2,
5.95298E-6,-3.212E-2,
5.97799E-6,7.88E-3,
6.003E-6,-3.212E-2,
6.02801E-6,7.88E-3,
6.05303E-6,-1.212E-2,
6.07804E-6,2.788E-2,
6.10305E-6,-3.212E-2,
6.12806E-6,7.88E-3,
6.15308E-6,-1.212E-2,
6.17809E-6,7.88E-3,
6.2031E-6,-3.212E-2,
6.22811E-6,7.88E-3,
6.25313E-6,-3.212E-2,
6.27814E-6,2.788E-2,
6.30315E-6,-3.212E-2,
6.32816E-6,2.788E-2,
6.35318E-6,-3.212E-2,
6.37819E-6,7.88E-3,
6.4032E-6,-3.212E-2,
6.42821E-6,2.788E-2,
6.45323E-6,-3.212E-2,
6.47824E-6,2.788E-2,
6.50325E-6,-3.212E-2,
6.52826E-6,2.788E-2,
6.55328E-6,-1.212E-2,
6.57829E-6,2.788E-2,
6.6033E-6,-3.212E-2,
6.62831E-6,7.88E-3,
6.65333E-6,-3.212E-2,
6.67834E-6,2.788E-2,
6.70335E-6,-3.212E-2,
6.72836E-6,2.788E-2,
6.75338E-6,-3.212E-2,
6.77839E-6,2.788E-2,
6.8034E-6,-3.212E-2,
6.82841E-6,7.88E-3,
6.85343E-6,-3.212E-2,
6.87844E-6,7.88E-3,
6.90345E-6,-1.212E-2,
6.92846E-6,2.788E-2,
6.95348E-6,-3.212E-2,
6.97849E-6,7.88E-3,
7.0035E-6,-3.212E-2,
7.02851E-6,2.788E-2,
7.05353E-6,-3.212E-2,
7.07854E-6,2.788E-2,
7.10355E-6,-3.212E-2,
7.12856E-6,2.788E-2,
7.15358E-6,-1.212E-2,
7.17859E-6,2.788E-2,
7.2036E-6,-1.212E-2,
7.22861E-6,2.788E-2,
7.25363E-6,-3.212E-2,
7.27864E-6,7.88E-3,
7.30365E-6,-3.212E-2,
7.32866E-6,2.788E-2,
7.35368E-6,-3.212E-2,
7.37869E-6,7.88E-3,
7.4037E-6,-1.212E-2,
7.42871E-6,7.88E-3,
7.45373E-6,-1.212E-2,
7.47874E-6,7.88E-3,
7.50375E-6,-3.212E-2,
7.52876E-6,2.788E-2,
7.55378E-6,-3.212E-2,
7.57879E-6,7.88E-3,
7.6038E-6,-1.212E-2,
7.62881E-6,2.788E-2,
7.65383E-6,-3.212E-2,
7.67884E-6,2.788E-2,
7.70385E-6,-3.212E-2,
7.72886E-6,2.788E-2,
7.75388E-6,-3.212E-2,
7.77889E-6,2.788E-2,
7.8039E-6,-1.212E-2,
7.82891E-6,2.788E-2,
7.85393E-6,-3.212E-2,
7.87894E-6,2.788E-2,
7.90395E-6,-3.212E-2,
7.92896E-6,2.788E-2,
7.95398E-6,-3.212E-2,
7.97899E-6,7.88E-3,
8.004E-6,-1.212E-2,
8.02901E-6,7.88E-3,
8.05403E-6,-1.212E-2,
8.07904E-6,2.788E-2,
8.10405E-6,-3.212E-2,
8.12906E-6,2.788E-2,
8.15408E-6,-1.212E-2,
8.17909E-6,2.788E-2,
8.2041E-6,-3.212E-2,
8.22911E-6,2.788E-2,
8.25413E-6,-1.212E-2,
8.27914E-6,2.788E-2,
8.30415E-6,-3.212E-2,
8.32916E-6,2.788E-2,
8.35418E-6,-3.212E-2,
8.37919E-6,2.788E-2,
8.4042E-6,-3.212E-2,
8.42921E-6,2.788E-2,
8.45423E-6,-1.212E-2,
8.47924E-6,2.788E-2,
8.50425E-6,-1.212E-2,
8.52926E-6,2.788E-2,
8.55428E-6,-3.212E-2,
8.57929E-6,7.88E-3,
8.6043E-6,-3.212E-2,
8.62931E-6,7.88E-3,
8.65433E-6,-3.212E-2,
8.67934E-6,2.788E-2,
8.70435E-6,-1.212E-2,
8.72936E-6,2.788E-2,
8.75438E-6,-1.212E-2,
8.77939E-6,2.788E-2,
8.8044E-6,-3.212E-2,
8.82941E-6,2.788E-2,
8.85443E-6,-1.212E-2,
8.87944E-6,7.88E-3,
8.90445E-6,-3.212E-2,
8.92946E-6,2.788E-2,
8.95448E-6,-3.212E-2,
8.97949E-6,2.788E-2,
9.0045E-6,-1.212E-2,
9.02951E-6,2.788E-2,
9.05453E-6,-3.212E-2,
9.07954E-6,7.88E-3,
9.10455E-6,-3.212E-2,
9.12956E-6,2.788E-2,
9.15458E-6,-1.212E-2,
9.17959E-6,7.88E-3,
9.2046E-6,-1.212E-2,
9.22961E-6,2.788E-2,
9.25463E-6,-3.212E-2,
9.27964E-6,2.788E-2,
9.30465E-6,-3.212E-2,
9.32966E-6,2.788E-2,
9.35468E-6,-3.212E-2,
9.37969E-6,7.88E-3,
9.4047E-6,-1.212E-2,
9.42971E-6,2.788E-2,
9.45473E-6,-3.212E-2,
9.47974E-6,2.788E-2,
9.50475E-6,-3.212E-2,
9.52976E-6,2.788E-2,
9.55478E-6,-3.212E-2,
9.57979E-6,2.788E-2,
9.6048E-6,-3.212E-2,
9.62981E-6,2.788E-2,
9.65483E-6,-3.212E-2,
9.67984E-6,2.788E-2,
9.70485E-6,-3.212E-2,
9.72986E-6,2.788E-2,
9.75488E-6,-3.212E-2,
9.77989E-6,2.788E-2,
9.8049E-6,-1.212E-2,
9.82991E-6,2.788E-2,
9.85493E-6,-1.212E-2,
9.87994E-6,2.788E-2,
9.90495E-6,-3.212E-2,
9.92996E-6,2.788E-2,
9.95498E-6,-1.212E-2,
9.97999E-6,2.788E-2,
1.0005E-5,-3.212E-2,
1.003E-5,2.788E-2,
1.0055E-5,-3.212E-2,
1.008E-5,2.788E-2,
1.01051E-5,-1.212E-2,
1.01301E-5,2.788E-2,
1.01551E-5,-3.212E-2,
1.01801E-5,7.88E-3,
1.02051E-5,-1.212E-2,
1.02301E-5,2.788E-2,
1.02551E-5,-1.212E-2,
1.02801E-5,2.788E-2,
1.03052E-5,-1.212E-2,
1.03302E-5,2.788E-2,
1.03552E-5,-1.212E-2,
1.03802E-5,2.788E-2,
1.04052E-5,-3.212E-2,
1.04302E-5,2.788E-2,
1.04552E-5,-3.212E-2,
1.04802E-5,2.788E-2,
1.05053E-5,-1.212E-2,
1.05303E-5,7.88E-3,
1.05553E-5,-1.212E-2,
1.05803E-5,2.788E-2,
1.06053E-5,-3.212E-2,
1.06303E-5,2.788E-2,
1.06553E-5,-3.212E-2,
1.06803E-5,2.788E-2,
1.07054E-5,-3.212E-2,
1.07304E-5,2.788E-2,
1.07554E-5,-1.212E-2,
1.07804E-5,2.788E-2,
1.08054E-5,-1.212E-2,
1.08304E-5,2.788E-2,
1.08554E-5,-1.212E-2,
1.08804E-5,2.788E-2,
1.09055E-5,-1.212E-2,
1.09305E-5,2.788E-2,
1.09555E-5,-1.212E-2,
1.09805E-5,2.788E-2,
1.10055E-5,-3.212E-2,
1.10305E-5,2.788E-2,
1.10555E-5,-3.212E-2,
1.10805E-5,2.788E-2,
1.11056E-5,-3.212E-2,
1.11306E-5,2.788E-2,
1.11556E-5,-1.212E-2,
1.11806E-5,2.788E-2,
1.12056E-5,-1.212E-2,
1.12306E-5,2.788E-2,
1.12556E-5,-1.212E-2,
1.12806E-5,7.88E-3,
1.13057E-5,-1.212E-2,
1.13307E-5,2.788E-2,
1.13557E-5,-1.212E-2,
1.13807E-5,2.788E-2,
1.14057E-5,-1.212E-2,
1.14307E-5,2.788E-2,
1.14557E-5,-3.212E-2,
1.14807E-5,2.788E-2,
1.15058E-5,-1.212E-2,
1.15308E-5,2.788E-2,
1.15558E-5,-1.212E-2,
1.15808E-5,2.788E-2,
1.16058E-5,-3.212E-2,
1.16308E-5,2.788E-2,
1.16558E-5,-1.212E-2,
1.16808E-5,2.788E-2,
1.17059E-5,-1.212E-2,
1.17309E-5,2.788E-2,
1.17559E-5,-1.212E-2,
1.17809E-5,2.788E-2,
1.18059E-5,-1.212E-2,
1.18309E-5,2.788E-2,
1.18559E-5,-1.212E-2,
1.18809E-5,2.788E-2,
1.1906E-5,-1.212E-2,
1.1931E-5,2.788E-2,
1.1956E-5,-1.212E-2,
1.1981E-5,2.788E-2,
1.2006E-5,-3.212E-2,
1.2031E-5,2.788E-2,
1.2056E-5,-3.212E-2,
1.2081E-5,2.788E-2,
1.21061E-5,-1.212E-2,
1.21311E-5,2.788E-2,
1.21561E-5,-1.212E-2,
1.21811E-5,2.788E-2,
1.22061E-5,-1.212E-2,
1.22311E-5,7.88E-3,
1.22561E-5,-1.212E-2,
1.22811E-5,2.788E-2,
1.23062E-5,-3.212E-2,
1.23312E-5,2.788E-2,
1.23562E-5,-3.212E-2,
1.23812E-5,2.788E-2,
1.24062E-5,-3.212E-2,
1.24312E-5,2.788E-2,
1.24562E-5,-1.212E-2,
1.24812E-5,2.788E-2,
1.25063E-5,-1.212E-2,
1.25313E-5,2.788E-2,
1.25563E-5,-3.212E-2,
1.25813E-5,2.788E-2,
1.26063E-5,-1.212E-2,
1.26313E-5,2.788E-2,
1.26563E-5,-1.212E-2,
1.26813E-5,2.788E-2,
1.27064E-5,-1.212E-2,
1.27314E-5,2.788E-2,
1.27564E-5,-1.212E-2,
1.27814E-5,2.788E-2,
1.28064E-5,-1.212E-2,
1.28314E-5,2.788E-2,
1.28564E-5,-3.212E-2,
1.28814E-5,2.788E-2,
1.29065E-5,-1.212E-2,
1.29315E-5,2.788E-2,
1.29565E-5,-1.212E-2,
1.29815E-5,2.788E-2,
1.30065E-5,-1.212E-2,
1.30315E-5,2.788E-2,
1.30565E-5,-3.212E-2,
1.30815E-5,2.788E-2,
1.31066E-5,-3.212E-2,
1.31316E-5,4.788E-2,
1.31566E-5,-1.212E-2,
1.31816E-5,4.788E-2,
1.32066E-5,-3.212E-2,
1.32316E-5,2.788E-2,
1.32566E-5,-1.212E-2,
1.32816E-5,2.788E-2,
1.33067E-5,-1.212E-2,
1.33317E-5,2.788E-2,
1.33567E-5,-1.212E-2,
1.33817E-5,2.788E-2,
1.34067E-5,-3.212E-2,
1.34317E-5,2.788E-2,
1.34567E-5,-3.212E-2,
1.34817E-5,2.788E-2,
1.35068E-5,-1.212E-2,
1.35318E-5,2.788E-2,
1.35568E-5,-1.212E-2,
1.35818E-5,2.788E-2,
1.36068E-5,-1.212E-2,
1.36318E-5,2.788E-2,
1.36568E-5,-1.212E-2,
1.36818E-5,2.788E-2,
1.37069E-5,-1.212E-2,
1.37319E-5,2.788E-2,
1.37569E-5,-1.212E-2,
1.37819E-5,2.788E-2,
1.38069E-5,-3.212E-2,
1.38319E-5,2.788E-2,
1.38569E-5,-1.212E-2,
1.38819E-5,2.788E-2,
1.3907E-5,-1.212E-2,
1.3932E-5,2.788E-2,
1.3957E-5,-3.212E-2,
1.3982E-5,4.788E-2,
1.4007E-5,-1.212E-2,
1.4032E-5,2.788E-2,
1.4057E-5,-1.212E-2,
1.4082E-5,2.788E-2,
1.41071E-5,-1.212E-2,
1.41321E-5,2.788E-2,
1.41571E-5,-1.212E-2,
1.41821E-5,2.788E-2,
1.42071E-5,-1.212E-2,
1.42321E-5,2.788E-2,
1.42571E-5,-1.212E-2,
1.42821E-5,2.788E-2,
1.43072E-5,-3.212E-2,
1.43322E-5,2.788E-2,
1.43572E-5,-1.212E-2,
1.43822E-5,2.788E-2,
1.44072E-5,-1.212E-2,
1.44322E-5,2.788E-2,
1.44572E-5,-3.212E-2,
1.44822E-5,2.788E-2,
1.45073E-5,-1.212E-2,
1.45323E-5,2.788E-2,
1.45573E-5,-1.212E-2,
1.45823E-5,2.788E-2,
1.46073E-5,-1.212E-2,
1.46323E-5,2.788E-2,
1.46573E-5,-3.212E-2,
1.46823E-5,2.788E-2,
1.47074E-5,-1.212E-2,
1.47324E-5,2.788E-2,
1.47574E-5,-3.212E-2,
1.47824E-5,2.788E-2,
1.48074E-5,-1.212E-2,
1.48324E-5,2.788E-2,
1.48574E-5,-1.212E-2,
1.48824E-5,2.788E-2,
1.49075E-5,-1.212E-2,
1.49325E-5,2.788E-2,
1.49575E-5,-1.212E-2,
1.49825E-5,4.788E-2,
1.50075E-5,-1.212E-2,
1.50325E-5,4.788E-2,
1.50575E-5,-1.212E-2,
1.50825E-5,2.788E-2,
1.51076E-5,-1.212E-2,
1.51326E-5,2.788E-2,
1.51576E-5,-1.212E-2,
1.51826E-5,4.788E-2,
1.52076E-5,-1.212E-2,
1.52326E-5,4.788E-2,
1.52576E-5,-1.212E-2,
1.52826E-5,2.788E-2,
1.53077E-5,-1.212E-2,
1.53327E-5,4.788E-2,
1.53577E-5,-1.212E-2,
1.53827E-5,2.788E-2,
1.54077E-5,-1.212E-2,
1.54327E-5,4.788E-2,
1.54577E-5,-1.212E-2,
1.54827E-5,4.788E-2,
1.55078E-5,-1.212E-2,
1.55328E-5,2.788E-2,
1.55578E-5,-1.212E-2,
1.55828E-5,4.788E-2,
1.56078E-5,-1.212E-2,
1.56328E-5,4.788E-2,
1.56578E-5,-1.212E-2,
1.56828E-5,4.788E-2,
1.57079E-5,-1.212E-2,
1.57329E-5,4.788E-2,
1.57579E-5,-1.212E-2,
1.57829E-5,4.788E-2,
1.58079E-5,7.88E-3,
1.58329E-5,4.788E-2,
1.58579E-5,7.88E-3,
1.58829E-5,4.788E-2,
1.5908E-5,7.88E-3,
1.5933E-5,4.788E-2,
1.5958E-5,-1.212E-2,
1.5983E-5,4.788E-2,
1.6008E-5,7.88E-3,
1.6033E-5,4.788E-2,
1.6058E-5,7.88E-3,
1.6083E-5,4.788E-2,
1.61081E-5,7.88E-3,
1.61331E-5,6.788E-2,
1.61581E-5,7.88E-3,
1.61831E-5,4.788E-2,
1.62081E-5,7.88E-3,
1.62331E-5,6.788E-2,
1.62581E-5,7.88E-3,
1.62831E-5,6.788E-2,
1.63082E-5,7.88E-3,
1.63332E-5,6.788E-2,
1.63582E-5,7.88E-3,
1.63832E-5,6.788E-2,
1.64082E-5,7.88E-3,
1.64332E-5,6.788E-2,
1.64582E-5,2.788E-2,
1.64832E-5,6.788E-2,
1.65083E-5,2.788E-2,
1.65333E-5,8.788E-2,
1.65583E-5,2.788E-2,
1.65833E-5,1.0788E-1,
1.66083E-5,4.788E-2,
1.66333E-5,8.788E-2,
1.66583E-5,4.788E-2,
1.66833E-5,8.788E-2,
1.67084E-5,4.788E-2,
1.67334E-5,8.788E-2,
1.67584E-5,4.788E-2,
1.67834E-5,1.0788E-1,
1.68084E-5,4.788E-2,
1.68334E-5,1.0788E-1,
1.68584E-5,4.788E-2,
1.68834E-5,1.0788E-1,
1.69085E-5,4.788E-2,
1.69335E-5,1.0788E-1,
1.69585E-5,6.788E-2,
1.69835E-5,1.2788E-1,
1.70085E-5,6.788E-2,
1.70335E-5,1.2788E-1,
1.70585E-5,8.788E-2,
1.70835E-5,1.2788E-1,
1.71086E-5,8.788E-2,
1.71336E-5,1.2788E-1,
1.71586E-5,8.788E-2,
1.71836E-5,1.2788E-1,
1.72086E-5,8.788E-2,
1.72336E-5,1.4788E-1,
1.72586E-5,8.788E-2,
1.72836E-5,1.4788E-1,
1.73087E-5,1.0788E-1,
1.73337E-5,1.6788E-1,
1.73587E-5,1.0788E-1,
1.73837E-5,1.6788E-1,
1.74087E-5,1.2788E-1,
1.74337E-5,1.6788E-1,
1.74587E-5,1.2788E-1,
1.74837E-5,1.8788E-1,
1.75088E-5,1.2788E-1,
1.75338E-5,1.6788E-1,
1.75588E-5,1.4788E-1,
1.75838E-5,1.8788E-1,
1.76088E-5,1.4788E-1,
1.76338E-5,2.0788E-1,
1.76588E-5,1.4788E-1,
1.76838E-5,2.0788E-1,
1.77089E-5,1.6788E-1,
1.77339E-5,2.0788E-1,
1.77589E-5,1.6788E-1,
1.77839E-5,2.2788E-1,
1.78089E-5,1.6788E-1,
1.78339E-5,2.2788E-1,
1.78589E-5,1.6788E-1,
1.78839E-5,2.4788E-1,
1.7909E-5,1.8788E-1,
1.7934E-5,2.4788E-1,
1.7959E-5,1.8788E-1,
1.7984E-5,2.4788E-1,
1.8009E-5,2.0788E-1,
1.8034E-5,2.6788E-1,
1.8059E-5,2.0788E-1,
1.8084E-5,2.6788E-1,
1.81091E-5,2.2788E-1,
1.81341E-5,2.8788E-1,
1.81591E-5,2.4788E-1,
1.81841E-5,2.8788E-1,
1.82091E-5,2.2788E-1,
1.82341E-5,2.8788E-1,
1.82591E-5,2.4788E-1,
1.82841E-5,3.0788E-1,
1.83092E-5,2.6788E-1,
1.83342E-5,3.0788E-1,
1.83592E-5,2.8788E-1,
1.83842E-5,3.2788E-1,
1.84092E-5,2.8788E-1,
1.84342E-5,3.4788E-1,
1.84592E-5,2.8788E-1,
1.84842E-5,3.4788E-1,
1.85093E-5,3.0788E-1,
1.85343E-5,3.4788E-1,
1.85593E-5,3.0788E-1,
1.85843E-5,3.6788E-1,
1.86093E-5,3.2788E-1,
1.86343E-5,3.6788E-1,
1.86593E-5,3.2788E-1,
1.86843E-5,3.8788E-1,
1.87094E-5,3.4788E-1,
1.87344E-5,3.8788E-1,
1.87594E-5,3.2788E-1,
1.87844E-5,4.0788E-1,
1.88094E-5,3.6788E-1,
1.88344E-5,4.2788E-1,
1.88594E-5,3.6788E-1,
1.88844E-5,4.2788E-1,
1.89095E-5,3.8788E-1,
1.89345E-5,4.4788E-1,
1.89595E-5,3.8788E-1,
1.89845E-5,4.4788E-1,
1.90095E-5,4.0788E-1,
1.90345E-5,4.6788E-1,
1.90595E-5,4.0788E-1,
1.90845E-5,4.6788E-1,
1.91096E-5,4.2788E-1,
1.91346E-5,4.8788E-1,
1.91596E-5,4.4788E-1,
1.91846E-5,5.0788E-1,
1.92096E-5,4.4788E-1,
1.92346E-5,5.0788E-1,
1.92596E-5,4.6788E-1,
1.92846E-5,5.0788E-1,
1.93097E-5,4.6788E-1,
1.93347E-5,5.0788E-1,
1.93597E-5,4.8788E-1,
1.93847E-5,5.2788E-1,
1.94097E-5,4.8788E-1,
1.94347E-5,5.4788E-1,
1.94597E-5,5.0788E-1,
1.94847E-5,5.4788E-1,
1.95098E-5,5.0788E-1,
1.95348E-5,5.6788E-1,
1.95598E-5,5.2788E-1,
1.95848E-5,5.6788E-1,
1.96098E-5,5.4788E-1,
1.96348E-5,5.8788E-1,
1.96598E-5,5.4788E-1,
1.96848E-5,5.8788E-1,
1.97099E-5,5.4788E-1,
1.97349E-5,6.0788E-1,
1.97599E-5,5.6788E-1,
1.97849E-5,6.2788E-1,
1.98099E-5,5.8788E-1,
1.98349E-5,6.2788E-1,
1.98599E-5,5.8788E-1,
1.98849E-5,6.4788E-1,
1.991E-5,5.8788E-1,
1.9935E-5,6.4788E-1,
1.996E-5,6.0788E-1,
1.9985E-5,6.4788E-1,
2.001E-5,6.0788E-1,
2.0035E-5,6.6788E-1,
2.006E-5,6.2788E-1,
2.0085E-5,6.6788E-1,
2.01101E-5,6.2788E-1,
2.01351E-5,6.8788E-1,
2.01601E-5,6.4788E-1,
2.01851E-5,7.0788E-1,
2.02101E-5,6.6788E-1,
2.02351E-5,7.0788E-1,
2.02601E-5,6.6788E-1,
2.02851E-5,7.2788E-1,
2.03102E-5,6.8788E-1,
2.03352E-5,7.4788E-1,
2.03602E-5,7.0788E-1,
2.03852E-5,7.4788E-1,
2.04102E-5,7.0788E-1,
2.04352E-5,7.6788E-1,
2.04602E-5,7.0788E-1,
2.04852E-5,7.6788E-1,
2.05103E-5,7.2788E-1,
2.05353E-5,7.8788E-1,
2.05603E-5,7.4788E-1,
2.05853E-5,7.8788E-1,
2.06103E-5,7.6788E-1,
2.06353E-5,8.0788E-1,
2.06603E-5,7.6788E-1,
2.06853E-5,8.2788E-1,
2.07104E-5,7.8788E-1,
2.07354E-5,8.4788E-1,
2.07604E-5,7.8788E-1,
2.07854E-5,8.6788E-1,
2.08104E-5,8.0788E-1,
2.08354E-5,8.6788E-1,
2.08604E-5,8.2788E-1,
2.08854E-5,8.8788E-1,
2.09105E-5,8.4788E-1,
2.09355E-5,8.8788E-1,
2.09605E-5,8.4788E-1,
2.09855E-5,9.0788E-1,
2.10105E-5,8.6788E-1,
2.10355E-5,9.0788E-1,
2.10605E-5,8.6788E-1,
2.10855E-5,9.2788E-1,
2.11106E-5,8.8788E-1,
2.11356E-5,9.4788E-1,
2.11606E-5,8.8788E-1,
2.11856E-5,9.4788E-1,
2.12106E-5,9.0788E-1,
2.12356E-5,9.6788E-1,
2.12606E-5,9.0788E-1,
2.12856E-5,9.6788E-1,
2.13107E-5,9.4788E-1,
2.13357E-5,9.8788E-1,
2.13607E-5,9.4788E-1,
2.13857E-5,1.00788E+0,
2.14107E-5,9.6788E-1,
2.14357E-5,1.00788E+0,
2.14607E-5,9.8788E-1,
2.14857E-5,1.02788E+0,
2.15108E-5,9.6788E-1,
2.15358E-5,1.04788E+0,
2.15608E-5,1.00788E+0,
2.15858E-5,1.04788E+0,
2.16108E-5,1.00788E+0,
2.16358E-5,1.06788E+0,
2.16608E-5,1.02788E+0,
2.16858E-5,1.08788E+0,
2.17109E-5,1.02788E+0,
2.17359E-5,1.08788E+0,
2.17609E-5,1.04788E+0,
2.17859E-5,1.08788E+0,
2.18109E-5,1.06788E+0,
2.18359E-5,1.10788E+0,
2.18609E-5,1.06788E+0,
2.18859E-5,1.12788E+0,
2.1911E-5,1.08788E+0,
2.1936E-5,1.14788E+0,
2.1961E-5,1.10788E+0,
2.1986E-5,1.14788E+0,
2.2011E-5,1.10788E+0,
2.2036E-5,1.16788E+0,
2.2061E-5,1.12788E+0,
2.2086E-5,1.16788E+0,
2.21111E-5,1.12788E+0,
2.21361E-5,1.18788E+0,
2.21611E-5,1.14788E+0,
2.21861E-5,1.18788E+0,
2.22111E-5,1.16788E+0,
2.22361E-5,1.20788E+0,
2.22611E-5,1.18788E+0,
2.22861E-5,1.22788E+0,
2.23112E-5,1.18788E+0,
2.23362E-5,1.22788E+0,
2.23612E-5,1.20788E+0,
2.23862E-5,1.24788E+0,
2.24112E-5,1.20788E+0,
2.24362E-5,1.26788E+0,
2.24612E-5,1.22788E+0,
2.24862E-5,1.26788E+0,
2.25113E-5,1.22788E+0,
2.25363E-5,1.26788E+0,
2.25613E-5,1.22788E+0,
2.25863E-5,1.28788E+0,
2.26113E-5,1.22788E+0,
2.26363E-5,1.30788E+0,
2.26613E-5,1.24788E+0,
2.26863E-5,1.30788E+0,
2.27114E-5,1.26788E+0,
2.27364E-5,1.30788E+0,
2.27614E-5,1.28788E+0,
2.27864E-5,1.34788E+0,
2.28114E-5,1.28788E+0,
2.28364E-5,1.32788E+0,
2.28614E-5,1.30788E+0,
2.28864E-5,1.34788E+0,
2.29115E-5,1.28788E+0,
2.29365E-5,1.36788E+0,
2.29615E-5,1.32788E+0,
2.29865E-5,1.36788E+0,
2.30115E-5,1.32788E+0,
2.30365E-5,1.36788E+0,
2.30615E-5,1.34788E+0,
2.30865E-5,1.38788E+0,
2.31116E-5,1.34788E+0,
2.31366E-5,1.40788E+0,
2.31616E-5,1.34788E+0,
2.31866E-5,1.40788E+0,
2.32116E-5,1.36788E+0,
2.32366E-5,1.42788E+0,
2.32616E-5,1.38788E+0,
2.32866E-5,1.42788E+0,
2.33117E-5,1.38788E+0,
2.33367E-5,1.42788E+0,
2.33617E-5,1.38788E+0,
2.33867E-5,1.44788E+0,
2.34117E-5,1.40788E+0,
2.34367E-5,1.46788E+0,
2.34617E-5,1.40788E+0,
2.34867E-5,1.46788E+0,
2.35118E-5,1.40788E+0,
2.35368E-5,1.46788E+0,
2.35618E-5,1.42788E+0,
2.35868E-5,1.48788E+0,
2.36118E-5,1.42788E+0,
2.36368E-5,1.48788E+0,
2.36618E-5,1.42788E+0,
2.36868E-5,1.48788E+0,
2.37119E-5,1.44788E+0,
2.37369E-5,1.48788E+0,
2.37619E-5,1.46788E+0,
2.37869E-5,1.50788E+0,
2.38119E-5,1.46788E+0,
2.38369E-5,1.50788E+0,
2.38619E-5,1.46788E+0,
2.38869E-5,1.52788E+0,
2.3912E-5,1.46788E+0,
2.3937E-5,1.52788E+0,
2.3962E-5,1.46788E+0,
2.3987E-5,1.54788E+0,
2.4012E-5,1.48788E+0,
2.4037E-5,1.54788E+0,
2.4062E-5,1.48788E+0,
2.4087E-5,1.54788E+0,
2.41121E-5,1.48788E+0,
2.41371E-5,1.54788E+0,
2.41621E-5,1.50788E+0,
2.41871E-5,1.54788E+0,
2.42121E-5,1.50788E+0,
2.42371E-5,1.54788E+0,
2.42621E-5,1.50788E+0,
2.42871E-5,1.56788E+0,
2.43122E-5,1.50788E+0,
2.43372E-5,1.56788E+0,
2.43622E-5,1.52788E+0,
2.43872E-5,1.56788E+0,
2.44122E-5,1.52788E+0,
2.44372E-5,1.56788E+0,
2.44622E-5,1.52788E+0,
2.44872E-5,1.56788E+0,
2.45123E-5,1.52788E+0,
2.45373E-5,1.58788E+0,
2.45623E-5,1.52788E+0,
2.45873E-5,1.56788E+0,
2.46123E-5,1.52788E+0,
2.46373E-5,1.58788E+0,
2.46623E-5,1.52788E+0,
2.46873E-5,1.58788E+0,
2.47124E-5,1.54788E+0,
2.47374E-5,1.58788E+0,
2.47624E-5,1.54788E+0,
2.47874E-5,1.58788E+0,
2.48124E-5,1.54788E+0,
2.48374E-5,1.58788E+0,
2.48624E-5,1.54788E+0,
2.48874E-5,1.58788E+0,
2.49125E-5,1.54788E+0,
2.49375E-5,1.58788E+0,
2.49625E-5,1.54788E+0,
2.49875E-5,1.58788E+0,
2.50125E-5,1.54788E+0,
2.50375E-5,1.58788E+0,
2.50625E-5,1.52788E+0,
2.50875E-5,1.58788E+0,
2.51126E-5,1.52788E+0,
2.51376E-5,1.58788E+0,
2.51626E-5,1.54788E+0,
2.51876E-5,1.58788E+0,
2.52126E-5,1.54788E+0,
2.52376E-5,1.58788E+0,
2.52626E-5,1.54788E+0,
2.52876E-5,1.58788E+0,
2.53127E-5,1.54788E+0,
2.53377E-5,1.60788E+0,
2.53627E-5,1.52788E+0,
2.53877E-5,1.58788E+0,
2.54127E-5,1.52788E+0,
2.54377E-5,1.58788E+0,
2.54627E-5,1.52788E+0,
2.54877E-5,1.56788E+0,
2.55128E-5,1.52788E+0,
2.55378E-5,1.58788E+0,
2.55628E-5,1.52788E+0,
2.55878E-5,1.56788E+0,
2.56128E-5,1.52788E+0,
2.56378E-5,1.56788E+0,
2.56628E-5,1.50788E+0,
2.56878E-5,1.56788E+0,
2.57129E-5,1.50788E+0,
2.57379E-5,1.56788E+0,
2.57629E-5,1.50788E+0,
2.57879E-5,1.56788E+0,
2.58129E-5,1.48788E+0,
2.58379E-5,1.54788E+0,
2.58629E-5,1.50788E+0,
2.58879E-5,1.54788E+0,
2.5913E-5,1.48788E+0,
2.5938E-5,1.54788E+0,
2.5963E-5,1.46788E+0,
2.5988E-5,1.54788E+0,
2.6013E-5,1.48788E+0,
2.6038E-5,1.54788E+0,
2.6063E-5,1.46788E+0,
2.6088E-5,1.52788E+0,
2.61131E-5,1.46788E+0,
2.61381E-5,1.52788E+0,
2.61631E-5,1.46788E+0,
2.61881E-5,1.50788E+0,
2.62131E-5,1.44788E+0,
2.62381E-5,1.50788E+0,
2.62631E-5,1.42788E+0,
2.62881E-5,1.48788E+0,
2.63132E-5,1.44788E+0,
2.63382E-5,1.48788E+0,
2.63632E-5,1.42788E+0,
2.63882E-5,1.48788E+0,
2.64132E-5,1.40788E+0,
2.64382E-5,1.46788E+0,
2.64632E-5,1.40788E+0,
2.64882E-5,1.44788E+0,
2.65133E-5,1.40788E+0,
2.65383E-5,1.44788E+0,
2.65633E-5,1.38788E+0,
2.65883E-5,1.42788E+0,
2.66133E-5,1.36788E+0,
2.66383E-5,1.42788E+0,
2.66633E-5,1.34788E+0,
2.66883E-5,1.42788E+0,
2.67134E-5,1.34788E+0,
2.67384E-5,1.40788E+0,
2.67634E-5,1.32788E+0,
2.67884E-5,1.38788E+0,
2.68134E-5,1.32788E+0,
2.68384E-5,1.38788E+0,
2.68634E-5,1.32788E+0,
2.68884E-5,1.36788E+0,
2.69135E-5,1.30788E+0,
2.69385E-5,1.36788E+0,
2.69635E-5,1.28788E+0,
2.69885E-5,1.34788E+0,
2.70135E-5,1.28788E+0,
2.70385E-5,1.34788E+0,
2.70635E-5,1.26788E+0,
2.70885E-5,1.30788E+0,
2.71136E-5,1.26788E+0,
2.71386E-5,1.30788E+0,
2.71636E-5,1.24788E+0,
2.71886E-5,1.28788E+0,
2.72136E-5,1.22788E+0,
2.72386E-5,1.28788E+0,
2.72636E-5,1.22788E+0,
2.72886E-5,1.26788E+0,
2.73137E-5,1.18788E+0,
2.73387E-5,1.26788E+0,
2.73637E-5,1.18788E+0,
2.73887E-5,1.24788E+0,
2.74137E-5,1.16788E+0,
2.74387E-5,1.22788E+0,
2.74637E-5,1.14788E+0,
2.74887E-5,1.20788E+0,
2.75138E-5,1.14788E+0,
2.75388E-5,1.18788E+0,
2.75638E-5,1.12788E+0,
2.75888E-5,1.18788E+0,
2.76138E-5,1.10788E+0,
2.76388E-5,1.14788E+0,
2.76638E-5,1.08788E+0,
2.76888E-5,1.14788E+0,
2.77139E-5,1.06788E+0,
2.77389E-5,1.12788E+0,
2.77639E-5,1.04788E+0,
2.77889E-5,1.10788E+0,
2.78139E-5,1.04788E+0,
2.78389E-5,1.08788E+0,
2.78639E-5,1.00788E+0,
2.78889E-5,1.06788E+0,
2.7914E-5,1.00788E+0,
2.7939E-5,1.04788E+0,
2.7964E-5,9.6788E-1,
2.7989E-5,1.02788E+0,
2.8014E-5,9.6788E-1,
2.8039E-5,1.02788E+0,
2.8064E-5,9.4788E-1,
2.8089E-5,1.00788E+0,
2.81141E-5,9.2788E-1,
2.81391E-5,9.8788E-1,
2.81641E-5,9.0788E-1,
2.81891E-5,9.4788E-1,
2.82141E-5,8.8788E-1,
2.82391E-5,9.4788E-1,
2.82641E-5,8.6788E-1,
2.82891E-5,9.2788E-1,
2.83142E-5,8.4788E-1,
2.83392E-5,9.0788E-1,
2.83642E-5,8.2788E-1,
2.83892E-5,8.8788E-1,
2.84142E-5,8.0788E-1,
2.84392E-5,8.6788E-1,
2.84642E-5,7.8788E-1,
2.84892E-5,8.4788E-1,
2.85143E-5,7.6788E-1,
2.85393E-5,8.2788E-1,
2.85643E-5,7.6788E-1,
2.85893E-5,8.0788E-1,
2.86143E-5,7.2788E-1,
2.86393E-5,7.8788E-1,
2.86643E-5,7.0788E-1,
2.86893E-5,7.6788E-1,
2.87144E-5,7.0788E-1,
2.87394E-5,7.4788E-1,
2.87644E-5,6.8788E-1,
2.87894E-5,7.4788E-1,
2.88144E-5,6.6788E-1,
2.88394E-5,7.2788E-1,
2.88644E-5,6.4788E-1,
2.88894E-5,7.0788E-1,
2.89145E-5,6.2788E-1,
2.89395E-5,6.8788E-1,
2.89645E-5,6.0788E-1,
2.89895E-5,6.6788E-1,
2.90145E-5,6.0788E-1,
2.90395E-5,6.4788E-1,
2.90645E-5,5.6788E-1,
2.90895E-5,6.2788E-1,
2.91146E-5,5.6788E-1,
2.91396E-5,6.2788E-1,
2.91646E-5,5.4788E-1,
2.91896E-5,6.0788E-1,
2.92146E-5,5.2788E-1,
2.92396E-5,5.8788E-1,
2.92646E-5,5.2788E-1,
2.92896E-5,5.6788E-1,
2.93147E-5,5.0788E-1,
2.93397E-5,5.4788E-1,
2.93647E-5,4.8788E-1,
2.93897E-5,5.4788E-1,
2.94147E-5,4.8788E-1,
2.94397E-5,5.4788E-1,
2.94647E-5,4.6788E-1,
2.94897E-5,5.2788E-1,
2.95148E-5,4.6788E-1,
2.95398E-5,5.0788E-1,
2.95648E-5,4.2788E-1,
2.95898E-5,4.8788E-1,
2.96148E-5,4.2788E-1,
2.96398E-5,4.8788E-1,
2.96648E-5,4.0788E-1,
2.96898E-5,4.6788E-1,
2.97149E-5,4.0788E-1,
2.97399E-5,4.6788E-1,
2.97649E-5,3.8788E-1,
2.97899E-5,4.4788E-1,
2.98149E-5,3.8788E-1,
2.98399E-5,4.4788E-1,
2.98649E-5,3.6788E-1,
2.98899E-5,4.2788E-1,
2.9915E-5,3.4788E-1,
2.994E-5,4.0788E-1,
2.9965E-5,3.4788E-1,
2.999E-5,3.8788E-1,
3.0015E-5,3.2788E-1,
3.004E-5,3.8788E-1,
3.0065E-5,3.0788E-1,
3.009E-5,3.8788E-1,
3.01151E-5,3.2788E-1,
3.01401E-5,3.6788E-1,
3.01651E-5,3.0788E-1,
3.01901E-5,3.6788E-1,
3.02151E-5,3.0788E-1,
3.02401E-5,3.4788E-1,
3.02651E-5,2.8788E-1,
3.02901E-5,3.4788E-1,
3.03152E-5,2.8788E-1,
3.03402E-5,3.4788E-1,
3.03652E-5,2.8788E-1,
3.03902E-5,3.2788E-1,
3.04152E-5,2.6788E-1,
3.04402E-5,3.2788E-1,
3.04652E-5,2.6788E-1,
3.04902E-5,3.0788E-1,
3.05153E-5,2.4788E-1,
3.05403E-5,2.8788E-1,
3.05653E-5,2.2788E-1,
3.05903E-5,2.8788E-1,
3.06153E-5,2.2788E-1,
3.06403E-5,2.8788E-1,
3.06653E-5,2.2788E-1,
3.06903E-5,2.8788E-1,
3.07154E-5,2.2788E-1,
3.07404E-5,2.8788E-1,
3.07654E-5,2.0788E-1,
3.07904E-5,2.8788E-1,
3.08154E-5,2.0788E-1,
3.08404E-5,2.6788E-1,
3.08654E-5,2.0788E-1,
3.08904E-5,2.6788E-1,
3.09155E-5,2.0788E-1,
3.09405E-5,2.4788E-1,
3.09655E-5,1.8788E-1,
3.09905E-5,2.4788E-1,
3.10155E-5,1.8788E-1,
3.10405E-5,2.4788E-1,
3.10655E-5,1.8788E-1,
3.10905E-5,2.4788E-1,
3.11156E-5,1.6788E-1,
3.11406E-5,2.2788E-1,
3.11656E-5,1.6788E-1,
3.11906E-5,2.2788E-1,
3.12156E-5,1.6788E-1,
3.12406E-5,2.2788E-1,
3.12656E-5,1.6788E-1,
3.12906E-5,2.0788E-1,
3.13157E-5,1.6788E-1,
3.13407E-5,2.2788E-1,
3.13657E-5,1.6788E-1,
3.13907E-5,2.0788E-1,
3.14157E-5,1.4788E-1,
3.14407E-5,2.0788E-1,
3.14657E-5,1.4788E-1,
3.14907E-5,2.0788E-1,
3.15158E-5,1.4788E-1,
3.15408E-5,1.8788E-1,
3.15658E-5,1.2788E-1,
3.15908E-5,1.8788E-1,
3.16158E-5,1.2788E-1,
3.16408E-5,1.8788E-1,
3.16658E-5,1.2788E-1,
3.16908E-5,1.8788E-1,
3.17159E-5,1.2788E-1,
3.17409E-5,1.6788E-1,
3.17659E-5,1.2788E-1,
3.17909E-5,1.6788E-1,
3.18159E-5,1.0788E-1,
3.18409E-5,1.8788E-1,
3.18659E-5,1.2788E-1,
3.18909E-5,1.6788E-1,
3.1916E-5,1.2788E-1,
3.1941E-5,1.6788E-1,
3.1966E-5,1.0788E-1,
3.1991E-5,1.6788E-1,
3.2016E-5,1.0788E-1,
3.2041E-5,1.6788E-1,
3.2066E-5,1.0788E-1,
3.2091E-5,1.6788E-1,
3.21161E-5,1.0788E-1,
3.21411E-5,1.6788E-1,
3.21661E-5,1.0788E-1,
3.21911E-5,1.4788E-1,
3.22161E-5,1.0788E-1,
3.22411E-5,1.4788E-1,
3.22661E-5,1.0788E-1,
3.22911E-5,1.6788E-1,
3.23162E-5,8.788E-2,
3.23412E-5,1.4788E-1,
3.23662E-5,8.788E-2,
3.23912E-5,1.4788E-1,
3.24162E-5,8.788E-2,
3.24412E-5,1.4788E-1,
3.24662E-5,8.788E-2,
3.24912E-5,1.4788E-1,
3.25163E-5,8.788E-2,
3.25413E-5,1.4788E-1,
3.25663E-5,6.788E-2,
3.25913E-5,1.2788E-1,
3.26163E-5,8.788E-2,
3.26413E-5,1.2788E-1,
3.26663E-5,8.788E-2,
3.26913E-5,1.2788E-1,
3.27164E-5,6.788E-2,
3.27414E-5,1.2788E-1,
3.27664E-5,6.788E-2,
3.27914E-5,1.2788E-1,
3.28164E-5,4.788E-2,
3.28414E-5,1.2788E-1,
3.28664E-5,4.788E-2,
3.28914E-5,1.0788E-1,
3.29165E-5,4.788E-2,
3.29415E-5,1.0788E-1,
3.29665E-5,4.788E-2,
3.29915E-5,1.0788E-1,
3.30165E-5,4.788E-2,
3.30415E-5,1.0788E-1,
3.30665E-5,4.788E-2,
3.30915E-5,1.0788E-1,
3.31166E-5,4.788E-2,
3.31416E-5,8.788E-2,
3.31666E-5,4.788E-2,
3.31916E-5,8.788E-2,
3.32166E-5,4.788E-2,
3.32416E-5,8.788E-2,
3.32666E-5,4.788E-2,
3.32916E-5,8.788E-2,
3.33167E-5,4.788E-2,
3.33417E-5,8.788E-2,
3.33667E-5,4.788E-2,
3.33917E-5,8.788E-2,
3.34167E-5,2.788E-2,
3.34417E-5,8.788E-2,
3.34667E-5,2.788E-2,
3.34917E-5,8.788E-2,
3.35168E-5,2.788E-2,
3.35418E-5,6.788E-2,
3.35668E-5,2.788E-2,
3.35918E-5,6.788E-2,
3.36168E-5,2.788E-2,
3.36418E-5,1.0788E-1,
3.36668E-5,2.788E-2,
3.36918E-5,8.788E-2,
3.37169E-5,2.788E-2,
3.37419E-5,6.788E-2,
3.37669E-5,7.88E-3,
3.37919E-5,6.788E-2,
3.38169E-5,7.88E-3,
3.38419E-5,6.788E-2,
3.38669E-5,2.788E-2,
3.38919E-5,6.788E-2,
3.3917E-5,7.88E-3,
3.3942E-5,6.788E-2,
3.3967E-5,7.88E-3,
3.3992E-5,6.788E-2,
3.4017E-5,7.88E-3,
3.4042E-5,6.788E-2,
3.4067E-5,7.88E-3,
3.4092E-5,6.788E-2,
3.41171E-5,7.88E-3,
3.41421E-5,4.788E-2,
3.41671E-5,7.88E-3,
3.41921E-5,6.788E-2,
3.42171E-5,7.88E-3,
3.42421E-5,4.788E-2,
3.42671E-5,7.88E-3,
3.42921E-5,6.788E-2,
3.43172E-5,7.88E-3,
3.43422E-5,4.788E-2,
3.43672E-5,7.88E-3,
3.43922E-5,4.788E-2,
3.44172E-5,7.88E-3,
3.44422E-5,4.788E-2,
3.44672E-5,7.88E-3,
3.44922E-5,4.788E-2,
3.45173E-5,7.88E-3,
3.45423E-5,4.788E-2,
3.45673E-5,7.88E-3,
3.45923E-5,4.788E-2,
3.46173E-5,-1.212E-2,
3.46423E-5,4.788E-2,
3.46673E-5,-1.212E-2,
3.46923E-5,4.788E-2,
3.47174E-5,-1.212E-2,
3.47424E-5,4.788E-2,
3.47674E-5,7.88E-3,
3.47924E-5,4.788E-2,
3.48174E-5,-1.212E-2,
3.48424E-5,4.788E-2,
3.48674E-5,7.88E-3,
3.48924E-5,4.788E-2,
3.49175E-5,-1.212E-2,
3.49425E-5,4.788E-2,
3.49675E-5,-1.212E-2,
3.49925E-5,4.788E-2,
3.50175E-5,-1.212E-2,
3.50425E-5,4.788E-2,
3.50675E-5,-1.212E-2,
3.50925E-5,4.788E-2,
3.51176E-5,7.88E-3,
3.51426E-5,4.788E-2,
3.51676E-5,7.88E-3,
3.51926E-5,4.788E-2,
3.52176E-5,-1.212E-2,
3.52426E-5,4.788E-2,
3.52676E-5,-1.212E-2,
3.52926E-5,4.788E-2,
3.53177E-5,-1.212E-2,
3.53427E-5,4.788E-2,
3.53677E-5,-1.212E-2,
3.53927E-5,4.788E-2,
3.54177E-5,7.88E-3,
3.54427E-5,4.788E-2,
3.54677E-5,-1.212E-2,
3.54927E-5,4.788E-2,
3.55178E-5,-1.212E-2,
3.55428E-5,4.788E-2,
3.55678E-5,-1.212E-2,
3.55928E-5,2.788E-2,
3.56178E-5,-1.212E-2,
3.56428E-5,2.788E-2,
3.56678E-5,-1.212E-2,
3.56928E-5,4.788E-2,
3.57179E-5,-1.212E-2,
3.57429E-5,4.788E-2,
3.57679E-5,-1.212E-2,
3.57929E-5,2.788E-2,
3.58179E-5,7.88E-3,
3.58429E-5,4.788E-2,
3.58679E-5,-1.212E-2,
3.58929E-5,4.788E-2,
3.5918E-5,-1.212E-2,
3.5943E-5,4.788E-2,
3.5968E-5,-1.212E-2,
3.5993E-5,4.788E-2,
3.6018E-5,-1.212E-2,
3.6043E-5,4.788E-2,
3.6068E-5,-1.212E-2,
3.6093E-5,2.788E-2,
3.61181E-5,-1.212E-2,
3.61431E-5,4.788E-2,
3.61681E-5,-1.212E-2,
3.61931E-5,4.788E-2,
3.62181E-5,-1.212E-2,
3.62431E-5,4.788E-2,
3.62681E-5,-1.212E-2,
3.62931E-5,2.788E-2,
3.63182E-5,-1.212E-2,
3.63432E-5,2.788E-2,
3.63682E-5,-1.212E-2,
3.63932E-5,4.788E-2,
3.64182E-5,-1.212E-2,
3.64432E-5,2.788E-2,
3.64682E-5,-1.212E-2,
3.64932E-5,4.788E-2,
3.65183E-5,-1.212E-2,
3.65433E-5,2.788E-2,
3.65683E-5,-1.212E-2,
3.65933E-5,2.788E-2,
3.66183E-5,-1.212E-2,
3.66433E-5,4.788E-2,
3.66683E-5,-1.212E-2,
3.66933E-5,2.788E-2,
3.67184E-5,-1.212E-2,
3.67434E-5,2.788E-2,
3.67684E-5,-1.212E-2,
3.67934E-5,2.788E-2,
3.68184E-5,-1.212E-2,
3.68434E-5,2.788E-2,
3.68684E-5,-1.212E-2,
3.68934E-5,2.788E-2,
3.69185E-5,-1.212E-2,
3.69435E-5,2.788E-2,
3.69685E-5,-1.212E-2,
3.69935E-5,2.788E-2,
3.70185E-5,-1.212E-2,
3.70435E-5,4.788E-2,
3.70685E-5,-1.212E-2,
3.70935E-5,4.788E-2,
3.71186E-5,-1.212E-2,
3.71436E-5,2.788E-2,
3.71686E-5,-1.212E-2,
3.71936E-5,2.788E-2,
3.72186E-5,-1.212E-2,
3.72436E-5,2.788E-2,
3.72686E-5,-1.212E-2,
3.72936E-5,2.788E-2,
3.73187E-5,-1.212E-2,
3.73437E-5,4.788E-2,
3.73687E-5,-1.212E-2,
3.73937E-5,2.788E-2,
3.74187E-5,-1.212E-2,
3.74437E-5,2.788E-2,
3.74687E-5,-1.212E-2,
3.74937E-5,2.788E-2,
3.75188E-5,-1.212E-2,
3.75438E-5,2.788E-2,
3.75688E-5,-1.212E-2,
3.75938E-5,2.788E-2,
3.76188E-5,-1.212E-2,
3.76438E-5,2.788E-2,
3.76688E-5,-1.212E-2,
3.76938E-5,4.788E-2,
3.77189E-5,-1.212E-2,
3.77439E-5,2.788E-2,
3.77689E-5,-1.212E-2,
3.77939E-5,2.788E-2,
3.78189E-5,-1.212E-2,
3.78439E-5,2.788E-2,
3.78689E-5,-1.212E-2,
3.78939E-5,2.788E-2,
3.7919E-5,-1.212E-2,
3.7944E-5,2.788E-2,
3.7969E-5,-3.212E-2,
3.7994E-5,2.788E-2,
3.8019E-5,-1.212E-2,
3.8044E-5,2.788E-2,
3.8069E-5,-3.212E-2,
3.8094E-5,2.788E-2,
3.81191E-5,-3.212E-2,
3.81441E-5,2.788E-2,
3.81691E-5,-1.212E-2,
3.81941E-5,2.788E-2,
3.82191E-5,-1.212E-2,
3.82441E-5,2.788E-2,
3.82691E-5,-1.212E-2,
3.82941E-5,2.788E-2,
3.83192E-5,-1.212E-2,
3.83442E-5,2.788E-2,
3.83692E-5,-1.212E-2,
3.83942E-5,2.788E-2,
3.84192E-5,-1.212E-2,
3.84442E-5,2.788E-2,
3.84692E-5,-3.212E-2,
3.84942E-5,2.788E-2,
3.85193E-5,-1.212E-2,
3.85443E-5,2.788E-2,
3.85693E-5,-1.212E-2,
3.85943E-5,2.788E-2,
3.86193E-5,-1.212E-2,
3.86443E-5,2.788E-2,
3.86693E-5,-3.212E-2,
3.86943E-5,7.88E-3,
3.87194E-5,-3.212E-2,
3.87444E-5,2.788E-2,
3.87694E-5,-1.212E-2,
3.87944E-5,2.788E-2,
3.88194E-5,-3.212E-2,
3.88444E-5,2.788E-2,
3.88694E-5,-1.212E-2,
3.88944E-5,2.788E-2,
3.89195E-5,-3.212E-2,
3.89445E-5,2.788E-2,
3.89695E-5,-1.212E-2,
3.89945E-5,2.788E-2,
3.90195E-5,-3.212E-2,
3.90445E-5,2.788E-2,
3.90695E-5,-3.212E-2,
3.90945E-5,2.788E-2,
3.91196E-5,-3.212E-2,
3.91446E-5,2.788E-2,
3.91696E-5,-1.212E-2,
3.91946E-5,2.788E-2,
3.92196E-5,-3.212E-2,
3.92446E-5,2.788E-2,
3.92696E-5,-1.212E-2,
3.92946E-5,2.788E-2,
3.93197E-5,-1.212E-2,
3.93447E-5,2.788E-2,
3.93697E-5,-3.212E-2,
3.93947E-5,2.788E-2,
3.94197E-5,-1.212E-2,
3.94447E-5,2.788E-2,
3.94697E-5,-3.212E-2,
3.94947E-5,2.788E-2,
3.95198E-5,-1.212E-2,
3.95448E-5,2.788E-2,
3.95698E-5,-3.212E-2,
3.95948E-5,2.788E-2,
3.96198E-5,-1.212E-2,
3.96448E-5,2.788E-2,
3.96698E-5,-1.212E-2,
3.96948E-5,2.788E-2,
3.97199E-5,-1.212E-2,
3.97449E-5,2.788E-2,
3.97699E-5,-3.212E-2,
3.97949E-5,2.788E-2,
3.98199E-5,-3.212E-2,
3.98449E-5,2.788E-2,
3.98699E-5,-1.212E-2,
3.98949E-5,2.788E-2,
3.992E-5,-1.212E-2,
3.9945E-5,2.788E-2,
3.997E-5,-1.212E-2,
3.9995E-5,2.788E-2,
4.002E-5,-3.212E-2,
4.0045E-5,2.788E-2,
4.007E-5,-1.212E-2,
4.0095E-5,2.788E-2,
4.01201E-5,-3.212E-2,
4.01451E-5,2.788E-2,
4.01701E-5,-3.212E-2,
4.01951E-5,2.788E-2,
4.02201E-5,-1.212E-2,
4.02451E-5,7.88E-3,
4.02701E-5,-3.212E-2,
4.02951E-5,2.788E-2,
4.03202E-5,-3.212E-2,
4.03452E-5,2.788E-2,
4.03702E-5,-3.212E-2,
4.03952E-5,2.788E-2,
4.04202E-5,-3.212E-2,
4.04452E-5,2.788E-2,
4.04702E-5,-3.212E-2,
4.04952E-5,2.788E-2,
4.05203E-5,-1.212E-2,
4.05453E-5,2.788E-2,
4.05703E-5,-3.212E-2,
4.05953E-5,2.788E-2,
4.06203E-5,-1.212E-2,
4.06453E-5,2.788E-2,
4.06703E-5,-3.212E-2,
4.06953E-5,7.88E-3,
4.07204E-5,-3.212E-2,
4.07454E-5,2.788E-2,
4.07704E-5,-1.212E-2,
4.07954E-5,2.788E-2,
4.08204E-5,-3.212E-2,
4.08454E-5,2.788E-2,
4.08704E-5,-1.212E-2,
4.08954E-5,2.788E-2,
4.09205E-5,-1.212E-2,
4.09455E-5,2.788E-2,
4.09705E-5,-1.212E-2,
4.09955E-5,2.788E-2,
4.10205E-5,-3.212E-2,
4.10455E-5,2.788E-2,
4.10705E-5,-1.212E-2,
4.10955E-5,2.788E-2,
4.11206E-5,-1.212E-2,
4.11456E-5,2.788E-2,
4.11706E-5,-1.212E-2,
4.11956E-5,2.788E-2,
4.12206E-5,-3.212E-2,
4.12456E-5,2.788E-2,
4.12706E-5,-3.212E-2,
4.12956E-5,7.88E-3,
4.13207E-5,-1.212E-2,
4.13457E-5,2.788E-2,
4.13707E-5,-1.212E-2,
4.13957E-5,2.788E-2,
4.14207E-5,-3.212E-2,
4.14457E-5,7.88E-3,
4.14707E-5,-3.212E-2,
4.14957E-5,2.788E-2,
4.15208E-5,-3.212E-2,
4.15458E-5,2.788E-2,
4.15708E-5,-3.212E-2,
4.15958E-5,2.788E-2,
4.16208E-5,-3.212E-2,
4.16458E-5,2.788E-2,
4.16708E-5,-3.212E-2,
4.16958E-5,2.788E-2,
4.17209E-5,-3.212E-2,
4.17459E-5,2.788E-2,
4.17709E-5,-3.212E-2,
4.17959E-5,2.788E-2,
4.18209E-5,-3.212E-2,
4.18459E-5,2.788E-2,
4.18709E-5,-1.212E-2,
4.18959E-5,2.788E-2,
4.1921E-5,-3.212E-2,
4.1946E-5,2.788E-2,
4.1971E-5,-1.212E-2,
4.1996E-5,2.788E-2,
4.2021E-5,-1.212E-2,
4.2046E-5,7.88E-3,
4.2071E-5,-3.212E-2,
4.2096E-5,2.788E-2,
4.21211E-5,-1.212E-2,
4.21461E-5,7.88E-3,
4.21711E-5,-3.212E-2,
4.21961E-5,2.788E-2,
4.22211E-5,-3.212E-2,
4.22461E-5,2.788E-2,
4.22711E-5,-3.212E-2,
4.22961E-5,2.788E-2,
4.23212E-5,-1.212E-2,
4.23462E-5,2.788E-2,
4.23712E-5,-3.212E-2,
4.23962E-5,2.788E-2,
4.24212E-5,-3.212E-2,
4.24462E-5,2.788E-2,
4.24712E-5,-3.212E-2,
4.24962E-5,2.788E-2,
4.25213E-5,-3.212E-2,
4.25463E-5,2.788E-2,
4.25713E-5,-3.212E-2,
4.25963E-5,2.788E-2,
4.26213E-5,-3.212E-2,
4.26463E-5,2.788E-2,
4.26713E-5,-1.212E-2,
4.26963E-5,7.88E-3,
4.27214E-5,-3.212E-2,
4.27464E-5,2.788E-2,
4.27714E-5,-3.212E-2,
4.27964E-5,2.788E-2,
4.28214E-5,-3.212E-2,
4.28464E-5,2.788E-2,
4.28714E-5,-3.212E-2,
4.28964E-5,2.788E-2,
4.29215E-5,-3.212E-2,
4.29465E-5,2.788E-2,
4.29715E-5,-3.212E-2,
4.29965E-5,2.788E-2,
4.30215E-5,-1.212E-2,
4.30465E-5,2.788E-2,
4.30715E-5,-3.212E-2,
4.30965E-5,7.88E-3,
4.31216E-5,-1.212E-2,
4.31466E-5,2.788E-2,
4.31716E-5,-3.212E-2,
4.31966E-5,2.788E-2,
4.32216E-5,-1.212E-2,
4.32466E-5,2.788E-2,
4.32716E-5,-3.212E-2,
4.32966E-5,2.788E-2,
4.33217E-5,-3.212E-2,
4.33467E-5,2.788E-2,
4.33717E-5,-3.212E-2,
4.33967E-5,7.88E-3,
4.34217E-5,-3.212E-2,
4.34467E-5,7.88E-3,
4.34717E-5,-3.212E-2,
4.34967E-5,2.788E-2,
4.35218E-5,-1.212E-2,
4.35468E-5,2.788E-2,
4.35718E-5,-3.212E-2,
4.35968E-5,2.788E-2,
4.36218E-5,-3.212E-2,
4.36468E-5,2.788E-2,
4.36718E-5,-3.212E-2,
4.36968E-5,2.788E-2,
4.37219E-5,-3.212E-2,
4.37469E-5,7.88E-3,
4.37719E-5,-3.212E-2,
4.37969E-5,7.88E-3,
4.38219E-5,-3.212E-2,
4.38469E-5,2.788E-2,
4.38719E-5,-3.212E-2,
4.38969E-5,7.88E-3,
4.3922E-5,-3.212E-2,
4.3947E-5,7.88E-3,
4.3972E-5,-3.212E-2,
4.3997E-5,7.88E-3,
4.4022E-5,-3.212E-2,
4.4047E-5,2.788E-2,
4.4072E-5,-3.212E-2,
4.4097E-5,2.788E-2,
4.41221E-5,-3.212E-2,
4.41471E-5,7.88E-3,
4.41721E-5,-3.212E-2,
4.41971E-5,7.88E-3,
4.42221E-5,-3.212E-2,
4.42471E-5,7.88E-3,
4.42721E-5,-1.212E-2,
4.42971E-5,2.788E-2,
4.43222E-5,-3.212E-2,
4.43472E-5,2.788E-2,
4.43722E-5,-3.212E-2,
4.43972E-5,2.788E-2,
4.44222E-5,-3.212E-2,
4.44472E-5,2.788E-2,
4.44722E-5,-3.212E-2,
4.44972E-5,7.88E-3,
4.45223E-5,-1.212E-2,
4.45473E-5,2.788E-2,
4.45723E-5,-3.212E-2,
4.45973E-5,2.788E-2,
4.46223E-5,-1.212E-2,
4.46473E-5,2.788E-2,
4.46723E-5,-3.212E-2,
4.46973E-5,2.788E-2,
4.47224E-5,-3.212E-2,
4.47474E-5,7.88E-3,
4.47724E-5,-3.212E-2,
4.47974E-5,7.88E-3,
4.48224E-5,-3.212E-2,
4.48474E-5,7.88E-3,
4.48724E-5,-1.212E-2,
4.48974E-5,2.788E-2,
4.49225E-5,-1.212E-2,
4.49475E-5,2.788E-2,
4.49725E-5,-3.212E-2,
4.49975E-5,7.88E-3,
4.50225E-5,-3.212E-2,
4.50475E-5,2.788E-2,
4.50725E-5,-3.212E-2,
4.50975E-5,2.788E-2,
4.51226E-5,-1.212E-2,
4.51476E-5,2.788E-2,
4.51726E-5,-3.212E-2,
4.51976E-5,7.88E-3,
4.52226E-5,-1.212E-2,
4.52476E-5,2.788E-2,
4.52726E-5,-1.212E-2,
4.52976E-5,2.788E-2,
4.53227E-5,-3.212E-2,
4.53477E-5,2.788E-2,
4.53727E-5,-1.212E-2,
4.53977E-5,7.88E-3,
4.54227E-5,-3.212E-2,
4.54477E-5,2.788E-2,
4.54727E-5,-3.212E-2,
4.54977E-5,2.788E-2,
4.55228E-5,-3.212E-2,
4.55478E-5,7.88E-3,
4.55728E-5,-3.212E-2,
4.55978E-5,7.88E-3,
4.56228E-5,-3.212E-2,
4.56478E-5,2.788E-2,
4.56728E-5,-1.212E-2,
4.56978E-5,2.788E-2,
4.57229E-5,-3.212E-2,
4.57479E-5,2.788E-2,
4.57729E-5,-3.212E-2,
4.57979E-5,2.788E-2,
4.58229E-5,-1.212E-2,
4.58479E-5,2.788E-2,
4.58729E-5,-3.212E-2,
4.58979E-5,2.788E-2,
4.5923E-5,-3.212E-2,
4.5948E-5,7.88E-3,
4.5973E-5,-1.212E-2,
4.5998E-5,7.88E-3,
4.6023E-5,-3.212E-2,
4.6048E-5,2.788E-2,
4.6073E-5,-3.212E-2,
4.6098E-5,2.788E-2,
4.61231E-5,-3.212E-2,
4.61481E-5,2.788E-2,
4.61731E-5,-3.212E-2,
4.61981E-5,2.788E-2,
4.62231E-5,-3.212E-2,
4.62481E-5,7.88E-3,
4.62731E-5,-3.212E-2,
4.62981E-5,7.88E-3,
4.63232E-5,-3.212E-2,
4.63482E-5,2.788E-2,
4.63732E-5,-3.212E-2,
4.63982E-5,7.88E-3,
4.64232E-5,-1.212E-2,
4.64482E-5,2.788E-2,
4.64732E-5,-3.212E-2,
4.64982E-5,2.788E-2,
4.65233E-5,-1.212E-2,
4.65483E-5,2.788E-2,
4.65733E-5,-3.212E-2,
4.65983E-5,2.788E-2,
4.66233E-5,-3.212E-2,
4.66483E-5,7.88E-3,
4.66733E-5,-3.212E-2,
4.66983E-5,7.88E-3,
4.67234E-5,-3.212E-2,
4.67484E-5,2.788E-2,
4.67734E-5,-3.212E-2,
4.67984E-5,7.88E-3,
4.68234E-5,-3.212E-2,
4.68484E-5,2.788E-2,
4.68734E-5,-3.212E-2,
4.68984E-5,7.88E-3,
4.69235E-5,-3.212E-2,
4.69485E-5,7.88E-3,
4.69735E-5,-3.212E-2,
4.69985E-5,2.788E-2,
4.70235E-5,-3.212E-2,
4.70485E-5,2.788E-2,
4.70735E-5,-3.212E-2,
4.70985E-5,2.788E-2,
4.71236E-5,-3.212E-2,
4.71486E-5,2.788E-2,
4.71736E-5,-3.212E-2,
4.71986E-5,2.788E-2,
4.72236E-5,-3.212E-2,
4.72486E-5,2.788E-2,
4.72736E-5,-1.212E-2,
4.72986E-5,7.88E-3,
4.73237E-5,-3.212E-2,
4.73487E-5,2.788E-2,
4.73737E-5,-3.212E-2,
4.73987E-5,7.88E-3,
4.74237E-5,-3.212E-2,
4.74487E-5,2.788E-2,
4.74737E-5,-3.212E-2,
4.74987E-5,7.88E-3,
4.75238E-5,-3.212E-2,
4.75488E-5,7.88E-3,
4.75738E-5,-3.212E-2,
4.75988E-5,7.88E-3,
4.76238E-5,-3.212E-2,
4.76488E-5,7.88E-3,
4.76738E-5,-3.212E-2,
4.76988E-5,7.88E-3,
4.77239E-5,-3.212E-2,
4.77489E-5,2.788E-2,
4.77739E-5,-3.212E-2,
4.77989E-5,7.88E-3,
4.78239E-5,-3.212E-2,
4.78489E-5,7.88E-3,
4.78739E-5,-3.212E-2,
4.78989E-5,2.788E-2,
4.7924E-5,-3.212E-2,
4.7949E-5,2.788E-2,
4.7974E-5,-3.212E-2,
4.7999E-5,7.88E-3,
4.8024E-5,-3.212E-2,
4.8049E-5,2.788E-2,
4.8074E-5,-3.212E-2,
4.8099E-5,2.788E-2,
4.81241E-5,-3.212E-2,
4.81491E-5,7.88E-3,
4.81741E-5,-3.212E-2,
4.81991E-5,7.88E-3,
4.82241E-5,-3.212E-2,
4.82491E-5,7.88E-3,
4.82741E-5,-3.212E-2,
4.82991E-5,7.88E-3,
4.83242E-5,-3.212E-2,
4.83492E-5,7.88E-3,
4.83742E-5,-3.212E-2,
4.83992E-5,7.88E-3,
4.84242E-5,-3.212E-2,
4.84492E-5,2.788E-2,
4.84742E-5,-1.212E-2,
4.84992E-5,7.88E-3,
4.85243E-5,-3.212E-2,
4.85493E-5,2.788E-2,
4.85743E-5,-3.212E-2,
4.85993E-5,2.788E-2,
4.86243E-5,-3.212E-2,
4.86493E-5,2.788E-2,
4.86743E-5,-3.212E-2,
4.86993E-5,2.788E-2,
4.87244E-5,-3.212E-2,
4.87494E-5,7.88E-3,
4.87744E-5,-3.212E-2,
4.87994E-5,7.88E-3,
4.88244E-5,-3.212E-2,
4.88494E-5,7.88E-3,
4.88744E-5,-3.212E-2,
4.88994E-5,7.88E-3,
4.89245E-5,-1.212E-2,
4.89495E-5,2.788E-2,
4.89745E-5,-3.212E-2,
4.89995E-5,7.88E-3,
4.90245E-5,-3.212E-2,
4.90495E-5,7.88E-3,
4.90745E-5,-3.212E-2,
4.90995E-5,7.88E-3,
4.91246E-5,-3.212E-2,
4.91496E-5,7.88E-3,
4.91746E-5,-3.212E-2,
4.91996E-5,7.88E-3,
4.92246E-5,-3.212E-2,
4.92496E-5,2.788E-2,
4.92746E-5,-3.212E-2,
4.92996E-5,2.788E-2,
4.93247E-5,-3.212E-2,
4.93497E-5,2.788E-2,
4.93747E-5,-3.212E-2,
4.93997E-5,7.88E-3,
4.94247E-5,-5.212E-2,
4.94497E-5,7.88E-3,
4.94747E-5,-3.212E-2,
4.94997E-5,7.88E-3,
4.95248E-5,-3.212E-2,
4.95498E-5,7.88E-3,
4.95748E-5,-3.212E-2,
4.95998E-5,7.88E-3,
4.96248E-5,-3.212E-2,
4.96498E-5,7.88E-3,
4.96748E-5,-3.212E-2,
4.96998E-5,2.788E-2,
4.97249E-5,-3.212E-2,
4.97499E-5,7.88E-3,
4.97749E-5,-3.212E-2,
4.97999E-5,7.88E-3,
4.98249E-5,-3.212E-2,
4.98499E-5,7.88E-3,
4.98749E-5,-3.212E-2,
4.98999E-5,7.88E-3,
4.9925E-5,-3.212E-2,
4.995E-5,7.88E-3,
4.9975E-5,-3.212E-2,
5.E-5,7.88E-3,
